"Grouping","Sample Code","Culture Variable","Pre-acidification","Make Date","Milk Protein","Milk Fat","Milk P:F","Milk Acidity","Culture inoc rate","Response","value"
"Process Data","02012023-0-1-BS","BS","No","44957","3.62","4.3600000000000003","0.83027522935779818","13.6","7.4999999999999997E-3","Coagulation pH","6.67"
"Process Data","02012023-0-1-BS","BS","No","44957","3.62","4.3600000000000003","0.83027522935779818","13.6","7.4999999999999997E-3","Coagulation time (minutes)","23.236666666666668"
"Process Data","02012023-0-1-BS","BS","No","44957","3.62","4.3600000000000003","0.83027522935779818","13.6","7.4999999999999997E-3","Whey removal pH","6.28"
"Process Data","02012023-0-1-BS","BS","No","44957","3.62","4.3600000000000003","0.83027522935779818","13.6","7.4999999999999997E-3","Mill pH","5.4"
"Process Data","02012023-0-1-BS","BS","No","44957","3.62","4.3600000000000003","0.83027522935779818","13.6","7.4999999999999997E-3","Inoc_PO Time","141"
"Process Data","02012023-0-1-BS","BS","No","44957","3.62","4.3600000000000003","0.83027522935779818","13.6","7.4999999999999997E-3","Inoc_Mill Time","225"
"Biochemical Data","02012023-0-1-BS","BS","No","44957","3.62","4.3600000000000003","0.83027522935779818","13.6","7.4999999999999997E-3","Moisture%","34.69"
"Biochemical Data","02012023-0-1-BS","BS","No","44957","3.62","4.3600000000000003","0.83027522935779818","13.6","7.4999999999999997E-3","Protein%","26.86"
"Biochemical Data","02012023-0-1-BS","BS","No","44957","3.62","4.3600000000000003","0.83027522935779818","13.6","7.4999999999999997E-3","Fat%","33.119999999999997"
"Biochemical Data","02012023-0-1-BS","BS","No","44957","3.62","4.3600000000000003","0.83027522935779818","13.6","7.4999999999999997E-3","FDB","0.50711988975654565"
"Biochemical Data","02012023-0-1-BS","BS","No","44957","3.62","4.3600000000000003","0.83027522935779818","13.6","7.4999999999999997E-3","MFFS","0.51869019138755978"
"Biochemical Data","02012023-0-1-BS","BS","No","44957","3.62","4.3600000000000003","0.83027522935779818","13.6","7.4999999999999997E-3","Salt%","2.0699999999999998"
"Biochemical Data","02012023-0-1-BS","BS","No","44957","3.62","4.3600000000000003","0.83027522935779818","13.6","7.4999999999999997E-3","S/M","5.9671375036033439E-2"
"Biochemical Data","02012023-0-1-BS","BS","No","44957","3.62","4.3600000000000003","0.83027522935779818","13.6","7.4999999999999997E-3","Ca","8.0000000000000002E-3"
"Biochemical Data","02012023-0-1-BS","BS","No","44957","3.62","4.3600000000000003","0.83027522935779818","13.6","7.4999999999999997E-3","Initial Cheese pH","5.25"
"Biochemical Data","02012023-0-1-BS","BS","No","44957","3.62","4.3600000000000003","0.83027522935779818","13.6","7.4999999999999997E-3","%NPN/TN","7.7066269545793001E-2"
"Biochemical Data","02012023-0-1-BS","BS","No","44957","3.62","4.3600000000000003","0.83027522935779818","13.6","7.4999999999999997E-3","%NCN/TN","0.13626209977661952"
"Biochemical Data","02012023-0-1-BS","BS","No","44957","3.62","4.3600000000000003","0.83027522935779818","13.6","7.4999999999999997E-3","Total FFA%","3.2000000000000002E-3"
"Biochemical Data","02012023-0-1-BS","BS","No","44957","3.62","4.3600000000000003","0.83027522935779818","13.6","7.4999999999999997E-3","Glutamic Acid","1.02"
"Biochemical Data","02012023-0-1-BS","BS","No","44957","3.62","4.3600000000000003","0.83027522935779818","13.6","7.4999999999999997E-3","Leucine","1.06"
"Biochemical Data","02012023-0-1-BS","BS","No","44957","3.62","4.3600000000000003","0.83027522935779818","13.6","7.4999999999999997E-3","Lysine","0.377"
"Biochemical Data","02012023-0-1-BS","BS","No","44957","3.62","4.3600000000000003","0.83027522935779818","13.6","7.4999999999999997E-3","Aliphatic/acidc ratio","3.7881548974943051"
"Biochemical Data","02012023-0-1-BS","BS","No","44957","3.62","4.3600000000000003","0.83027522935779818","13.6","7.4999999999999997E-3","Total FAA (mg/g)","5.1459999999999999"
"Sensory Data","02012023-0-1-BS","BS","No","44957","3.62","4.3600000000000003","0.83027522935779818","13.6","7.4999999999999997E-3","Hand Firmness","13.43"
"Sensory Data","02012023-0-1-BS","BS","No","44957","3.62","4.3600000000000003","0.83027522935779818","13.6","7.4999999999999997E-3","Cohesiveness of Mass","12.14"
"Sensory Data","02012023-0-1-BS","BS","No","44957","3.62","4.3600000000000003","0.83027522935779818","13.6","7.4999999999999997E-3","Adhesiveness","8.89"
"Sensory Data","02012023-0-1-BS","BS","No","44957","3.62","4.3600000000000003","0.83027522935779818","13.6","7.4999999999999997E-3","Chewiness","6.15"
"Sensory Data","02012023-0-1-BS","BS","No","44957","3.62","4.3600000000000003","0.83027522935779818","13.6","7.4999999999999997E-3","Particle Size","12.25"
"Sensory Data","02012023-0-1-BS","BS","No","44957","3.62","4.3600000000000003","0.83027522935779818","13.6","7.4999999999999997E-3","Bitter","1.19"
"Sensory Data","02012023-0-1-BS","BS","No","44957","3.62","4.3600000000000003","0.83027522935779818","13.6","7.4999999999999997E-3","Acid","1.54"
"Sensory Data","02012023-0-1-BS","BS","No","44957","3.62","4.3600000000000003","0.83027522935779818","13.6","7.4999999999999997E-3","Salt","5.65"
"Sensory Data","02012023-0-1-BS","BS","No","44957","3.62","4.3600000000000003","0.83027522935779818","13.6","7.4999999999999997E-3","Sweet","0.04"
"Sensory Data","02012023-0-1-BS","BS","No","44957","3.62","4.3600000000000003","0.83027522935779818","13.6","7.4999999999999997E-3","Savory","1.24"
"Sensory Data","02012023-0-1-BS","BS","No","44957","3.62","4.3600000000000003","0.83027522935779818","13.6","7.4999999999999997E-3","Butter","0.91"
"Sensory Data","02012023-0-1-BS","BS","No","44957","3.62","4.3600000000000003","0.83027522935779818","13.6","7.4999999999999997E-3","Brothy","1.1000000000000001"
"Sensory Data","02012023-0-1-BS","BS","No","44957","3.62","4.3600000000000003","0.83027522935779818","13.6","7.4999999999999997E-3","Sour","1.19"
"Sensory Data","02012023-0-1-BS","BS","No","44957","3.62","4.3600000000000003","0.83027522935779818","13.6","7.4999999999999997E-3","Sulfur","1.2"
"Sensory Data","02012023-0-1-BS","BS","No","44957","3.62","4.3600000000000003","0.83027522935779818","13.6","7.4999999999999997E-3","Rancid","0.3"
"Sensory Data","02012023-0-1-BS","BS","No","44957","3.62","4.3600000000000003","0.83027522935779818","13.6","7.4999999999999997E-3","Fruity","0.12"
"Sensory Data","02012023-0-1-BS","BS","No","44957","3.62","4.3600000000000003","0.83027522935779818","13.6","7.4999999999999997E-3","Whey Taint","0.56000000000000005"
"Sensory Data","02012023-0-1-BS","BS","No","44957","3.62","4.3600000000000003","0.83027522935779818","13.6","7.4999999999999997E-3","Astringent","1.59"
"Sensory Data","02012023-0-1-BS","BS","No","44957","3.62","4.3600000000000003","0.83027522935779818","13.6","7.4999999999999997E-3","Others","0.21"
"Process Data","02012023-0-1-DVI","DVI","No","44957","3.62","4.3600000000000003","0.83027522935779818","13.6","2.2100000000000001E-4","Coagulation pH","6.56"
"Process Data","02012023-0-1-DVI","DVI","No","44957","3.62","4.3600000000000003","0.83027522935779818","13.6","2.2100000000000001E-4","Coagulation time (minutes)","32.43333333333333"
"Process Data","02012023-0-1-DVI","DVI","No","44957","3.62","4.3600000000000003","0.83027522935779818","13.6","2.2100000000000001E-4","Whey removal pH","6.36"
"Process Data","02012023-0-1-DVI","DVI","No","44957","3.62","4.3600000000000003","0.83027522935779818","13.6","2.2100000000000001E-4","Mill pH","5.49"
"Process Data","02012023-0-1-DVI","DVI","No","44957","3.62","4.3600000000000003","0.83027522935779818","13.6","2.2100000000000001E-4","Inoc_PO Time","131"
"Process Data","02012023-0-1-DVI","DVI","No","44957","3.62","4.3600000000000003","0.83027522935779818","13.6","2.2100000000000001E-4","Inoc_Mill Time","230"
"Biochemical Data","02012023-0-1-DVI","DVI","No","44957","3.62","4.3600000000000003","0.83027522935779818","13.6","2.2100000000000001E-4","Moisture%","34.96"
"Biochemical Data","02012023-0-1-DVI","DVI","No","44957","3.62","4.3600000000000003","0.83027522935779818","13.6","2.2100000000000001E-4","Protein%","26.76"
"Biochemical Data","02012023-0-1-DVI","DVI","No","44957","3.62","4.3600000000000003","0.83027522935779818","13.6","2.2100000000000001E-4","Fat%","33.57"
"Biochemical Data","02012023-0-1-DVI","DVI","No","44957","3.62","4.3600000000000003","0.83027522935779818","13.6","2.2100000000000001E-4","FDB","0.51614391143911442"
"Biochemical Data","02012023-0-1-DVI","DVI","No","44957","3.62","4.3600000000000003","0.83027522935779818","13.6","2.2100000000000001E-4","MFFS","0.52626825229564955"
"Biochemical Data","02012023-0-1-DVI","DVI","No","44957","3.62","4.3600000000000003","0.83027522935779818","13.6","2.2100000000000001E-4","Salt%","1.68"
"Biochemical Data","02012023-0-1-DVI","DVI","No","44957","3.62","4.3600000000000003","0.83027522935779818","13.6","2.2100000000000001E-4","S/M","4.8054919908466817E-2"
"Biochemical Data","02012023-0-1-DVI","DVI","No","44957","3.62","4.3600000000000003","0.83027522935779818","13.6","2.2100000000000001E-4","Ca","8.2100000000000003E-3"
"Biochemical Data","02012023-0-1-DVI","DVI","No","44957","3.62","4.3600000000000003","0.83027522935779818","13.6","2.2100000000000001E-4","Initial Cheese pH","5.0999999999999996"
"Biochemical Data","02012023-0-1-DVI","DVI","No","44957","3.62","4.3600000000000003","0.83027522935779818","13.6","2.2100000000000001E-4","%NPN/TN","8.1838565022421511E-2"
"Biochemical Data","02012023-0-1-DVI","DVI","No","44957","3.62","4.3600000000000003","0.83027522935779818","13.6","2.2100000000000001E-4","%NCN/TN","0.16367713004484302"
"Biochemical Data","02012023-0-1-DVI","DVI","No","44957","3.62","4.3600000000000003","0.83027522935779818","13.6","2.2100000000000001E-4","Total FFA%","3.2000000000000002E-3"
"Biochemical Data","02012023-0-1-DVI","DVI","No","44957","3.62","4.3600000000000003","0.83027522935779818","13.6","2.2100000000000001E-4","Glutamic Acid","1.0900000000000001"
"Biochemical Data","02012023-0-1-DVI","DVI","No","44957","3.62","4.3600000000000003","0.83027522935779818","13.6","2.2100000000000001E-4","Leucine","1.03"
"Biochemical Data","02012023-0-1-DVI","DVI","No","44957","3.62","4.3600000000000003","0.83027522935779818","13.6","2.2100000000000001E-4","Lysine","0.441"
"Biochemical Data","02012023-0-1-DVI","DVI","No","44957","3.62","4.3600000000000003","0.83027522935779818","13.6","2.2100000000000001E-4","Aliphatic/acidc ratio","3.915690866510539"
"Biochemical Data","02012023-0-1-DVI","DVI","No","44957","3.62","4.3600000000000003","0.83027522935779818","13.6","2.2100000000000001E-4","Total FAA (mg/g)","5.2270000000000003"
"Sensory Data","02012023-0-1-DVI","DVI","No","44957","3.62","4.3600000000000003","0.83027522935779818","13.6","2.2100000000000001E-4","Hand Firmness","12.72"
"Sensory Data","02012023-0-1-DVI","DVI","No","44957","3.62","4.3600000000000003","0.83027522935779818","13.6","2.2100000000000001E-4","Cohesiveness of Mass","11.54"
"Sensory Data","02012023-0-1-DVI","DVI","No","44957","3.62","4.3600000000000003","0.83027522935779818","13.6","2.2100000000000001E-4","Adhesiveness","8.14"
"Sensory Data","02012023-0-1-DVI","DVI","No","44957","3.62","4.3600000000000003","0.83027522935779818","13.6","2.2100000000000001E-4","Chewiness","5.44"
"Sensory Data","02012023-0-1-DVI","DVI","No","44957","3.62","4.3600000000000003","0.83027522935779818","13.6","2.2100000000000001E-4","Particle Size","11.43"
"Sensory Data","02012023-0-1-DVI","DVI","No","44957","3.62","4.3600000000000003","0.83027522935779818","13.6","2.2100000000000001E-4","Bitter","0.51"
"Sensory Data","02012023-0-1-DVI","DVI","No","44957","3.62","4.3600000000000003","0.83027522935779818","13.6","2.2100000000000001E-4","Acid","1.39"
"Sensory Data","02012023-0-1-DVI","DVI","No","44957","3.62","4.3600000000000003","0.83027522935779818","13.6","2.2100000000000001E-4","Salt","5.72"
"Sensory Data","02012023-0-1-DVI","DVI","No","44957","3.62","4.3600000000000003","0.83027522935779818","13.6","2.2100000000000001E-4","Sweet","0.01"
"Sensory Data","02012023-0-1-DVI","DVI","No","44957","3.62","4.3600000000000003","0.83027522935779818","13.6","2.2100000000000001E-4","Savory","1.64"
"Sensory Data","02012023-0-1-DVI","DVI","No","44957","3.62","4.3600000000000003","0.83027522935779818","13.6","2.2100000000000001E-4","Butter","1"
"Sensory Data","02012023-0-1-DVI","DVI","No","44957","3.62","4.3600000000000003","0.83027522935779818","13.6","2.2100000000000001E-4","Brothy","1.25"
"Sensory Data","02012023-0-1-DVI","DVI","No","44957","3.62","4.3600000000000003","0.83027522935779818","13.6","2.2100000000000001E-4","Sour","0.69"
"Sensory Data","02012023-0-1-DVI","DVI","No","44957","3.62","4.3600000000000003","0.83027522935779818","13.6","2.2100000000000001E-4","Sulfur","0.85"
"Sensory Data","02012023-0-1-DVI","DVI","No","44957","3.62","4.3600000000000003","0.83027522935779818","13.6","2.2100000000000001E-4","Rancid","0.11"
"Sensory Data","02012023-0-1-DVI","DVI","No","44957","3.62","4.3600000000000003","0.83027522935779818","13.6","2.2100000000000001E-4","Fruity","0.15"
"Sensory Data","02012023-0-1-DVI","DVI","No","44957","3.62","4.3600000000000003","0.83027522935779818","13.6","2.2100000000000001E-4","Whey Taint","0.36"
"Sensory Data","02012023-0-1-DVI","DVI","No","44957","3.62","4.3600000000000003","0.83027522935779818","13.6","2.2100000000000001E-4","Astringent","1.1499999999999999"
"Sensory Data","02012023-0-1-DVI","DVI","No","44957","3.62","4.3600000000000003","0.83027522935779818","13.6","2.2100000000000001E-4","Others","0"
"Process Data","02022023-1-1-BS","BS","No","44957","3.68","4.32","0.85185185185185186","14.9","6.4999999999999997E-3","Coagulation pH","6.46"
"Process Data","02022023-1-1-BS","BS","No","44957","3.68","4.32","0.85185185185185186","14.9","6.4999999999999997E-3","Coagulation time (minutes)","18.503333333333334"
"Process Data","02022023-1-1-BS","BS","No","44957","3.68","4.32","0.85185185185185186","14.9","6.4999999999999997E-3","Whey removal pH","6.25"
"Process Data","02022023-1-1-BS","BS","No","44957","3.68","4.32","0.85185185185185186","14.9","6.4999999999999997E-3","Mill pH","5.45"
"Process Data","02022023-1-1-BS","BS","No","44957","3.68","4.32","0.85185185185185186","14.9","6.4999999999999997E-3","Inoc_PO Time","140"
"Process Data","02022023-1-1-BS","BS","No","44957","3.68","4.32","0.85185185185185186","14.9","6.4999999999999997E-3","Inoc_Mill Time","230"
"Biochemical Data","02022023-1-1-BS","BS","No","44957","3.68","4.32","0.85185185185185186","14.9","6.4999999999999997E-3","Moisture%","35.630000000000003"
"Biochemical Data","02022023-1-1-BS","BS","No","44957","3.68","4.32","0.85185185185185186","14.9","6.4999999999999997E-3","Protein%","26.7"
"Biochemical Data","02022023-1-1-BS","BS","No","44957","3.68","4.32","0.85185185185185186","14.9","6.4999999999999997E-3","Fat%","33.35"
"Biochemical Data","02022023-1-1-BS","BS","No","44957","3.68","4.32","0.85185185185185186","14.9","6.4999999999999997E-3","FDB","0.51809849308684164"
"Biochemical Data","02022023-1-1-BS","BS","No","44957","3.68","4.32","0.85185185185185186","14.9","6.4999999999999997E-3","MFFS","0.53458364591147789"
"Biochemical Data","02022023-1-1-BS","BS","No","44957","3.68","4.32","0.85185185185185186","14.9","6.4999999999999997E-3","Salt%","1.61"
"Biochemical Data","02022023-1-1-BS","BS","No","44957","3.68","4.32","0.85185185185185186","14.9","6.4999999999999997E-3","S/M","4.5186640471512766E-2"
"Biochemical Data","02022023-1-1-BS","BS","No","44957","3.68","4.32","0.85185185185185186","14.9","6.4999999999999997E-3","Ca","8.3499999999999998E-3"
"Biochemical Data","02022023-1-1-BS","BS","No","44957","3.68","4.32","0.85185185185185186","14.9","6.4999999999999997E-3","Initial Cheese pH","5.0999999999999996"
"Biochemical Data","02022023-1-1-BS","BS","No","44957","3.68","4.32","0.85185185185185186","14.9","6.4999999999999997E-3","%NPN/TN","8.6516853932584278E-2"
"Biochemical Data","02022023-1-1-BS","BS","No","44957","3.68","4.32","0.85185185185185186","14.9","6.4999999999999997E-3","%NCN/TN","0.15168539325842698"
"Biochemical Data","02022023-1-1-BS","BS","No","44957","3.68","4.32","0.85185185185185186","14.9","6.4999999999999997E-3","Total FFA%","2.3800000000000002E-2"
"Biochemical Data","02022023-1-1-BS","BS","No","44957","3.68","4.32","0.85185185185185186","14.9","6.4999999999999997E-3","Glutamic Acid","1.34"
"Biochemical Data","02022023-1-1-BS","BS","No","44957","3.68","4.32","0.85185185185185186","14.9","6.4999999999999997E-3","Leucine","1.27"
"Biochemical Data","02022023-1-1-BS","BS","No","44957","3.68","4.32","0.85185185185185186","14.9","6.4999999999999997E-3","Lysine","0.438"
"Biochemical Data","02022023-1-1-BS","BS","No","44957","3.68","4.32","0.85185185185185186","14.9","6.4999999999999997E-3","Aliphatic/acidc ratio","4.5259740259740262"
"Biochemical Data","02022023-1-1-BS","BS","No","44957","3.68","4.32","0.85185185185185186","14.9","6.4999999999999997E-3","Total FAA (mg/g)","6.1689999999999987"
"Sensory Data","02022023-1-1-BS","BS","No","44957","3.68","4.32","0.85185185185185186","14.9","6.4999999999999997E-3","Hand Firmness","12.77"
"Sensory Data","02022023-1-1-BS","BS","No","44957","3.68","4.32","0.85185185185185186","14.9","6.4999999999999997E-3","Cohesiveness of Mass","11.71"
"Sensory Data","02022023-1-1-BS","BS","No","44957","3.68","4.32","0.85185185185185186","14.9","6.4999999999999997E-3","Adhesiveness","9.01"
"Sensory Data","02022023-1-1-BS","BS","No","44957","3.68","4.32","0.85185185185185186","14.9","6.4999999999999997E-3","Chewiness","6.34"
"Sensory Data","02022023-1-1-BS","BS","No","44957","3.68","4.32","0.85185185185185186","14.9","6.4999999999999997E-3","Particle Size","12.09"
"Sensory Data","02022023-1-1-BS","BS","No","44957","3.68","4.32","0.85185185185185186","14.9","6.4999999999999997E-3","Bitter","1.1599999999999999"
"Sensory Data","02022023-1-1-BS","BS","No","44957","3.68","4.32","0.85185185185185186","14.9","6.4999999999999997E-3","Acid","1.5"
"Sensory Data","02022023-1-1-BS","BS","No","44957","3.68","4.32","0.85185185185185186","14.9","6.4999999999999997E-3","Salt","5.87"
"Sensory Data","02022023-1-1-BS","BS","No","44957","3.68","4.32","0.85185185185185186","14.9","6.4999999999999997E-3","Sweet","0"
"Sensory Data","02022023-1-1-BS","BS","No","44957","3.68","4.32","0.85185185185185186","14.9","6.4999999999999997E-3","Savory","1.72"
"Sensory Data","02022023-1-1-BS","BS","No","44957","3.68","4.32","0.85185185185185186","14.9","6.4999999999999997E-3","Butter","0.66"
"Sensory Data","02022023-1-1-BS","BS","No","44957","3.68","4.32","0.85185185185185186","14.9","6.4999999999999997E-3","Brothy","1.51"
"Sensory Data","02022023-1-1-BS","BS","No","44957","3.68","4.32","0.85185185185185186","14.9","6.4999999999999997E-3","Sour","0.65"
"Sensory Data","02022023-1-1-BS","BS","No","44957","3.68","4.32","0.85185185185185186","14.9","6.4999999999999997E-3","Sulfur","1.5"
"Sensory Data","02022023-1-1-BS","BS","No","44957","3.68","4.32","0.85185185185185186","14.9","6.4999999999999997E-3","Rancid","1.25"
"Sensory Data","02022023-1-1-BS","BS","No","44957","3.68","4.32","0.85185185185185186","14.9","6.4999999999999997E-3","Fruity","0.05"
"Sensory Data","02022023-1-1-BS","BS","No","44957","3.68","4.32","0.85185185185185186","14.9","6.4999999999999997E-3","Whey Taint","0.15"
"Sensory Data","02022023-1-1-BS","BS","No","44957","3.68","4.32","0.85185185185185186","14.9","6.4999999999999997E-3","Astringent","1.62"
"Sensory Data","02022023-1-1-BS","BS","No","44957","3.68","4.32","0.85185185185185186","14.9","6.4999999999999997E-3","Others","0.3"
"Process Data","02022023-1-1-DVI","DVI","Yes","44957","3.68","4.32","0.85185185185185186","14.9","2.5799999999999998E-4","Coagulation pH","6.47"
"Process Data","02022023-1-1-DVI","DVI","Yes","44957","3.68","4.32","0.85185185185185186","14.9","2.5799999999999998E-4","Coagulation time (minutes)","18.466666666666665"
"Process Data","02022023-1-1-DVI","DVI","Yes","44957","3.68","4.32","0.85185185185185186","14.9","2.5799999999999998E-4","Whey removal pH","6.2"
"Process Data","02022023-1-1-DVI","DVI","Yes","44957","3.68","4.32","0.85185185185185186","14.9","2.5799999999999998E-4","Mill pH","5.41"
"Process Data","02022023-1-1-DVI","DVI","Yes","44957","3.68","4.32","0.85185185185185186","14.9","2.5799999999999998E-4","Inoc_PO Time","140"
"Process Data","02022023-1-1-DVI","DVI","Yes","44957","3.68","4.32","0.85185185185185186","14.9","2.5799999999999998E-4","Inoc_Mill Time","225"
"Biochemical Data","02022023-1-1-DVI","DVI","Yes","44957","3.68","4.32","0.85185185185185186","14.9","2.5799999999999998E-4","Moisture%","35.46"
"Biochemical Data","02022023-1-1-DVI","DVI","Yes","44957","3.68","4.32","0.85185185185185186","14.9","2.5799999999999998E-4","Protein%","26.25"
"Biochemical Data","02022023-1-1-DVI","DVI","Yes","44957","3.68","4.32","0.85185185185185186","14.9","2.5799999999999998E-4","Fat%","32.96"
"Biochemical Data","02022023-1-1-DVI","DVI","Yes","44957","3.68","4.32","0.85185185185185186","14.9","2.5799999999999998E-4","FDB","0.51069104431360401"
"Biochemical Data","02022023-1-1-DVI","DVI","Yes","44957","3.68","4.32","0.85185185185185186","14.9","2.5799999999999998E-4","MFFS","0.52893794749403344"
"Biochemical Data","02022023-1-1-DVI","DVI","Yes","44957","3.68","4.32","0.85185185185185186","14.9","2.5799999999999998E-4","Salt%","1.78"
"Biochemical Data","02022023-1-1-DVI","DVI","Yes","44957","3.68","4.32","0.85185185185185186","14.9","2.5799999999999998E-4","S/M","5.0197405527354765E-2"
"Biochemical Data","02022023-1-1-DVI","DVI","Yes","44957","3.68","4.32","0.85185185185185186","14.9","2.5799999999999998E-4","Ca","7.6299999999999996E-3"
"Biochemical Data","02022023-1-1-DVI","DVI","Yes","44957","3.68","4.32","0.85185185185185186","14.9","2.5799999999999998E-4","Initial Cheese pH","5.07"
"Biochemical Data","02022023-1-1-DVI","DVI","Yes","44957","3.68","4.32","0.85185185185185186","14.9","2.5799999999999998E-4","%NPN/TN","9.1047619047619058E-2"
"Biochemical Data","02022023-1-1-DVI","DVI","Yes","44957","3.68","4.32","0.85185185185185186","14.9","2.5799999999999998E-4","%NCN/TN","0.17714285714285716"
"Biochemical Data","02022023-1-1-DVI","DVI","Yes","44957","3.68","4.32","0.85185185185185186","14.9","2.5799999999999998E-4","Total FFA%","2.4E-2"
"Biochemical Data","02022023-1-1-DVI","DVI","Yes","44957","3.68","4.32","0.85185185185185186","14.9","2.5799999999999998E-4","Glutamic Acid","1.63"
"Biochemical Data","02022023-1-1-DVI","DVI","Yes","44957","3.68","4.32","0.85185185185185186","14.9","2.5799999999999998E-4","Leucine","1.52"
"Biochemical Data","02022023-1-1-DVI","DVI","Yes","44957","3.68","4.32","0.85185185185185186","14.9","2.5799999999999998E-4","Lysine","0.53900000000000003"
"Biochemical Data","02022023-1-1-DVI","DVI","Yes","44957","3.68","4.32","0.85185185185185186","14.9","2.5799999999999998E-4","Aliphatic/acidc ratio","5.3017751479289945"
"Biochemical Data","02022023-1-1-DVI","DVI","Yes","44957","3.68","4.32","0.85185185185185186","14.9","2.5799999999999998E-4","Total FAA (mg/g)","7.4509999999999996"
"Sensory Data","02022023-1-1-DVI","DVI","Yes","44957","3.68","4.32","0.85185185185185186","14.9","2.5799999999999998E-4","Hand Firmness","12.15"
"Sensory Data","02022023-1-1-DVI","DVI","Yes","44957","3.68","4.32","0.85185185185185186","14.9","2.5799999999999998E-4","Cohesiveness of Mass","1.75"
"Sensory Data","02022023-1-1-DVI","DVI","Yes","44957","3.68","4.32","0.85185185185185186","14.9","2.5799999999999998E-4","Adhesiveness","8.9600000000000009"
"Sensory Data","02022023-1-1-DVI","DVI","Yes","44957","3.68","4.32","0.85185185185185186","14.9","2.5799999999999998E-4","Chewiness","5.56"
"Sensory Data","02022023-1-1-DVI","DVI","Yes","44957","3.68","4.32","0.85185185185185186","14.9","2.5799999999999998E-4","Particle Size","11.9"
"Sensory Data","02022023-1-1-DVI","DVI","Yes","44957","3.68","4.32","0.85185185185185186","14.9","2.5799999999999998E-4","Bitter","1.95"
"Sensory Data","02022023-1-1-DVI","DVI","Yes","44957","3.68","4.32","0.85185185185185186","14.9","2.5799999999999998E-4","Acid","1.5"
"Sensory Data","02022023-1-1-DVI","DVI","Yes","44957","3.68","4.32","0.85185185185185186","14.9","2.5799999999999998E-4","Salt","5.41"
"Sensory Data","02022023-1-1-DVI","DVI","Yes","44957","3.68","4.32","0.85185185185185186","14.9","2.5799999999999998E-4","Sweet","0"
"Sensory Data","02022023-1-1-DVI","DVI","Yes","44957","3.68","4.32","0.85185185185185186","14.9","2.5799999999999998E-4","Savory","1.23"
"Sensory Data","02022023-1-1-DVI","DVI","Yes","44957","3.68","4.32","0.85185185185185186","14.9","2.5799999999999998E-4","Butter","0.77"
"Sensory Data","02022023-1-1-DVI","DVI","Yes","44957","3.68","4.32","0.85185185185185186","14.9","2.5799999999999998E-4","Brothy","1.07"
"Sensory Data","02022023-1-1-DVI","DVI","Yes","44957","3.68","4.32","0.85185185185185186","14.9","2.5799999999999998E-4","Sour","0.96"
"Sensory Data","02022023-1-1-DVI","DVI","Yes","44957","3.68","4.32","0.85185185185185186","14.9","2.5799999999999998E-4","Sulfur","1.2"
"Sensory Data","02022023-1-1-DVI","DVI","Yes","44957","3.68","4.32","0.85185185185185186","14.9","2.5799999999999998E-4","Rancid","1.22"
"Sensory Data","02022023-1-1-DVI","DVI","Yes","44957","3.68","4.32","0.85185185185185186","14.9","2.5799999999999998E-4","Fruity","0"
"Sensory Data","02022023-1-1-DVI","DVI","Yes","44957","3.68","4.32","0.85185185185185186","14.9","2.5799999999999998E-4","Whey Taint","0.51"
"Sensory Data","02022023-1-1-DVI","DVI","Yes","44957","3.68","4.32","0.85185185185185186","14.9","2.5799999999999998E-4","Astringent","1.69"
"Sensory Data","02022023-1-1-DVI","DVI","Yes","44957","3.68","4.32","0.85185185185185186","14.9","2.5799999999999998E-4","Others","0.14000000000000001"
"Process Data","02152023-0-2-BS","BS","No","44970","3.87","4.63","0.83585313174946008","17.2","8.9999999999999993E-3","Coagulation pH","6.52"
"Process Data","02152023-0-2-BS","BS","No","44970","3.87","4.63","0.83585313174946008","17.2","8.9999999999999993E-3","Coagulation time (minutes)","28.066666666666666"
"Process Data","02152023-0-2-BS","BS","No","44970","3.87","4.63","0.83585313174946008","17.2","8.9999999999999993E-3","Whey removal pH","6.25"
"Process Data","02152023-0-2-BS","BS","No","44970","3.87","4.63","0.83585313174946008","17.2","8.9999999999999993E-3","Mill pH","5.37"
"Process Data","02152023-0-2-BS","BS","No","44970","3.87","4.63","0.83585313174946008","17.2","8.9999999999999993E-3","Inoc_PO Time","145"
"Process Data","02152023-0-2-BS","BS","No","44970","3.87","4.63","0.83585313174946008","17.2","8.9999999999999993E-3","Inoc_Mill Time","225"
"Biochemical Data","02152023-0-2-BS","BS","No","44970","3.87","4.63","0.83585313174946008","17.2","8.9999999999999993E-3","Moisture%","34.270000000000003"
"Biochemical Data","02152023-0-2-BS","BS","No","44970","3.87","4.63","0.83585313174946008","17.2","8.9999999999999993E-3","Protein%","25.87"
"Biochemical Data","02152023-0-2-BS","BS","No","44970","3.87","4.63","0.83585313174946008","17.2","8.9999999999999993E-3","Fat%","33.520000000000003"
"Biochemical Data","02152023-0-2-BS","BS","No","44970","3.87","4.63","0.83585313174946008","17.2","8.9999999999999993E-3","FDB","0.50996500836756442"
"Biochemical Data","02152023-0-2-BS","BS","No","44970","3.87","4.63","0.83585313174946008","17.2","8.9999999999999993E-3","MFFS","0.51549338146811086"
"Biochemical Data","02152023-0-2-BS","BS","No","44970","3.87","4.63","0.83585313174946008","17.2","8.9999999999999993E-3","Salt%","1.82"
"Biochemical Data","02152023-0-2-BS","BS","No","44970","3.87","4.63","0.83585313174946008","17.2","8.9999999999999993E-3","S/M","5.3107674350744087E-2"
"Biochemical Data","02152023-0-2-BS","BS","No","44970","3.87","4.63","0.83585313174946008","17.2","8.9999999999999993E-3","Ca","8.5699999999999995E-3"
"Biochemical Data","02152023-0-2-BS","BS","No","44970","3.87","4.63","0.83585313174946008","17.2","8.9999999999999993E-3","Initial Cheese pH","5.05"
"Biochemical Data","02152023-0-2-BS","BS","No","44970","3.87","4.63","0.83585313174946008","17.2","8.9999999999999993E-3","%NPN/TN","0.10630073444143795"
"Biochemical Data","02152023-0-2-BS","BS","No","44970","3.87","4.63","0.83585313174946008","17.2","8.9999999999999993E-3","%NCN/TN","0.14882102821801313"
"Biochemical Data","02152023-0-2-BS","BS","No","44970","3.87","4.63","0.83585313174946008","17.2","8.9999999999999993E-3","Total FFA%","2.3999999999999998E-3"
"Biochemical Data","02152023-0-2-BS","BS","No","44970","3.87","4.63","0.83585313174946008","17.2","8.9999999999999993E-3","Glutamic Acid","0.93700000000000006"
"Biochemical Data","02152023-0-2-BS","BS","No","44970","3.87","4.63","0.83585313174946008","17.2","8.9999999999999993E-3","Leucine","0.92"
"Biochemical Data","02152023-0-2-BS","BS","No","44970","3.87","4.63","0.83585313174946008","17.2","8.9999999999999993E-3","Lysine","0.38"
"Biochemical Data","02152023-0-2-BS","BS","No","44970","3.87","4.63","0.83585313174946008","17.2","8.9999999999999993E-3","Aliphatic/acidc ratio","6.460251046025105"
"Biochemical Data","02152023-0-2-BS","BS","No","44970","3.87","4.63","0.83585313174946008","17.2","8.9999999999999993E-3","Total FAA (mg/g)","4.3840000000000003"
"Sensory Data","02152023-0-2-BS","BS","No","44970","3.87","4.63","0.83585313174946008","17.2","8.9999999999999993E-3","Hand Firmness","13.81"
"Sensory Data","02152023-0-2-BS","BS","No","44970","3.87","4.63","0.83585313174946008","17.2","8.9999999999999993E-3","Cohesiveness of Mass","11.69"
"Sensory Data","02152023-0-2-BS","BS","No","44970","3.87","4.63","0.83585313174946008","17.2","8.9999999999999993E-3","Adhesiveness","9.73"
"Sensory Data","02152023-0-2-BS","BS","No","44970","3.87","4.63","0.83585313174946008","17.2","8.9999999999999993E-3","Chewiness","6.49"
"Sensory Data","02152023-0-2-BS","BS","No","44970","3.87","4.63","0.83585313174946008","17.2","8.9999999999999993E-3","Particle Size","13.3"
"Sensory Data","02152023-0-2-BS","BS","No","44970","3.87","4.63","0.83585313174946008","17.2","8.9999999999999993E-3","Bitter","0.38"
"Sensory Data","02152023-0-2-BS","BS","No","44970","3.87","4.63","0.83585313174946008","17.2","8.9999999999999993E-3","Acid","1.7"
"Sensory Data","02152023-0-2-BS","BS","No","44970","3.87","4.63","0.83585313174946008","17.2","8.9999999999999993E-3","Salt","6.25"
"Sensory Data","02152023-0-2-BS","BS","No","44970","3.87","4.63","0.83585313174946008","17.2","8.9999999999999993E-3","Sweet","0.13"
"Sensory Data","02152023-0-2-BS","BS","No","44970","3.87","4.63","0.83585313174946008","17.2","8.9999999999999993E-3","Savory","1.92"
"Sensory Data","02152023-0-2-BS","BS","No","44970","3.87","4.63","0.83585313174946008","17.2","8.9999999999999993E-3","Butter","1.25"
"Sensory Data","02152023-0-2-BS","BS","No","44970","3.87","4.63","0.83585313174946008","17.2","8.9999999999999993E-3","Brothy","1.33"
"Sensory Data","02152023-0-2-BS","BS","No","44970","3.87","4.63","0.83585313174946008","17.2","8.9999999999999993E-3","Sour","0.56000000000000005"
"Sensory Data","02152023-0-2-BS","BS","No","44970","3.87","4.63","0.83585313174946008","17.2","8.9999999999999993E-3","Sulfur","0.67"
"Sensory Data","02152023-0-2-BS","BS","No","44970","3.87","4.63","0.83585313174946008","17.2","8.9999999999999993E-3","Rancid","0"
"Sensory Data","02152023-0-2-BS","BS","No","44970","3.87","4.63","0.83585313174946008","17.2","8.9999999999999993E-3","Fruity","0.38"
"Sensory Data","02152023-0-2-BS","BS","No","44970","3.87","4.63","0.83585313174946008","17.2","8.9999999999999993E-3","Whey Taint","1"
"Sensory Data","02152023-0-2-BS","BS","No","44970","3.87","4.63","0.83585313174946008","17.2","8.9999999999999993E-3","Astringent","2.35"
"Sensory Data","02152023-0-2-BS","BS","No","44970","3.87","4.63","0.83585313174946008","17.2","8.9999999999999993E-3","Others","0"
"Process Data","02152023-0-2-DVI","DVI","No","44970","3.87","4.63","0.83585313174946008","17.2","3.1300000000000002E-4","Coagulation pH","6.6"
"Process Data","02152023-0-2-DVI","DVI","No","44970","3.87","4.63","0.83585313174946008","17.2","3.1300000000000002E-4","Coagulation time (minutes)","33.36333333333333"
"Process Data","02152023-0-2-DVI","DVI","No","44970","3.87","4.63","0.83585313174946008","17.2","3.1300000000000002E-4","Whey removal pH","6.26"
"Process Data","02152023-0-2-DVI","DVI","No","44970","3.87","4.63","0.83585313174946008","17.2","3.1300000000000002E-4","Mill pH","5.38"
"Process Data","02152023-0-2-DVI","DVI","No","44970","3.87","4.63","0.83585313174946008","17.2","3.1300000000000002E-4","Inoc_PO Time","145"
"Process Data","02152023-0-2-DVI","DVI","No","44970","3.87","4.63","0.83585313174946008","17.2","3.1300000000000002E-4","Inoc_Mill Time","225"
"Biochemical Data","02152023-0-2-DVI","DVI","No","44970","3.87","4.63","0.83585313174946008","17.2","3.1300000000000002E-4","Moisture%","33.869999999999997"
"Biochemical Data","02152023-0-2-DVI","DVI","No","44970","3.87","4.63","0.83585313174946008","17.2","3.1300000000000002E-4","Protein%","26.15"
"Biochemical Data","02152023-0-2-DVI","DVI","No","44970","3.87","4.63","0.83585313174946008","17.2","3.1300000000000002E-4","Fat%","33.520000000000003"
"Biochemical Data","02152023-0-2-DVI","DVI","No","44970","3.87","4.63","0.83585313174946008","17.2","3.1300000000000002E-4","FDB","0.50688038711628614"
"Biochemical Data","02152023-0-2-DVI","DVI","No","44970","3.87","4.63","0.83585313174946008","17.2","3.1300000000000002E-4","MFFS","0.5094765342960289"
"Biochemical Data","02152023-0-2-DVI","DVI","No","44970","3.87","4.63","0.83585313174946008","17.2","3.1300000000000002E-4","Salt%","1.77"
"Biochemical Data","02152023-0-2-DVI","DVI","No","44970","3.87","4.63","0.83585313174946008","17.2","3.1300000000000002E-4","S/M","5.2258635961027464E-2"
"Biochemical Data","02152023-0-2-DVI","DVI","No","44970","3.87","4.63","0.83585313174946008","17.2","3.1300000000000002E-4","Ca","8.6999999999999994E-3"
"Biochemical Data","02152023-0-2-DVI","DVI","No","44970","3.87","4.63","0.83585313174946008","17.2","3.1300000000000002E-4","Initial Cheese pH","5.18"
"Biochemical Data","02152023-0-2-DVI","DVI","No","44970","3.87","4.63","0.83585313174946008","17.2","3.1300000000000002E-4","%NPN/TN","0.10363288718929255"
"Biochemical Data","02152023-0-2-DVI","DVI","No","44970","3.87","4.63","0.83585313174946008","17.2","3.1300000000000002E-4","%NCN/TN","0.14187380497131932"
"Biochemical Data","02152023-0-2-DVI","DVI","No","44970","3.87","4.63","0.83585313174946008","17.2","3.1300000000000002E-4","Total FFA%","2.2000000000000001E-3"
"Biochemical Data","02152023-0-2-DVI","DVI","No","44970","3.87","4.63","0.83585313174946008","17.2","3.1300000000000002E-4","Glutamic Acid","0.98799999999999999"
"Biochemical Data","02152023-0-2-DVI","DVI","No","44970","3.87","4.63","0.83585313174946008","17.2","3.1300000000000002E-4","Leucine","0.95099999999999996"
"Biochemical Data","02152023-0-2-DVI","DVI","No","44970","3.87","4.63","0.83585313174946008","17.2","3.1300000000000002E-4","Lysine","0.39100000000000001"
"Biochemical Data","02152023-0-2-DVI","DVI","No","44970","3.87","4.63","0.83585313174946008","17.2","3.1300000000000002E-4","Aliphatic/acidc ratio","3.9552941176470582"
"Biochemical Data","02152023-0-2-DVI","DVI","No","44970","3.87","4.63","0.83585313174946008","17.2","3.1300000000000002E-4","Total FAA (mg/g)","4.8379999999999992"
"Sensory Data","02152023-0-2-DVI","DVI","No","44970","3.87","4.63","0.83585313174946008","17.2","3.1300000000000002E-4","Hand Firmness","13.51"
"Sensory Data","02152023-0-2-DVI","DVI","No","44970","3.87","4.63","0.83585313174946008","17.2","3.1300000000000002E-4","Cohesiveness of Mass","10.92"
"Sensory Data","02152023-0-2-DVI","DVI","No","44970","3.87","4.63","0.83585313174946008","17.2","3.1300000000000002E-4","Adhesiveness","7.66"
"Sensory Data","02152023-0-2-DVI","DVI","No","44970","3.87","4.63","0.83585313174946008","17.2","3.1300000000000002E-4","Chewiness","6.29"
"Sensory Data","02152023-0-2-DVI","DVI","No","44970","3.87","4.63","0.83585313174946008","17.2","3.1300000000000002E-4","Particle Size","13.59"
"Sensory Data","02152023-0-2-DVI","DVI","No","44970","3.87","4.63","0.83585313174946008","17.2","3.1300000000000002E-4","Bitter","0.36"
"Sensory Data","02152023-0-2-DVI","DVI","No","44970","3.87","4.63","0.83585313174946008","17.2","3.1300000000000002E-4","Acid","1.99"
"Sensory Data","02152023-0-2-DVI","DVI","No","44970","3.87","4.63","0.83585313174946008","17.2","3.1300000000000002E-4","Salt","6.3"
"Sensory Data","02152023-0-2-DVI","DVI","No","44970","3.87","4.63","0.83585313174946008","17.2","3.1300000000000002E-4","Sweet","0.38"
"Sensory Data","02152023-0-2-DVI","DVI","No","44970","3.87","4.63","0.83585313174946008","17.2","3.1300000000000002E-4","Savory","1.9"
"Sensory Data","02152023-0-2-DVI","DVI","No","44970","3.87","4.63","0.83585313174946008","17.2","3.1300000000000002E-4","Butter","1.17"
"Sensory Data","02152023-0-2-DVI","DVI","No","44970","3.87","4.63","0.83585313174946008","17.2","3.1300000000000002E-4","Brothy","1.32"
"Sensory Data","02152023-0-2-DVI","DVI","No","44970","3.87","4.63","0.83585313174946008","17.2","3.1300000000000002E-4","Sour","0.62"
"Sensory Data","02152023-0-2-DVI","DVI","No","44970","3.87","4.63","0.83585313174946008","17.2","3.1300000000000002E-4","Sulfur","0.63"
"Sensory Data","02152023-0-2-DVI","DVI","No","44970","3.87","4.63","0.83585313174946008","17.2","3.1300000000000002E-4","Rancid","0"
"Sensory Data","02152023-0-2-DVI","DVI","No","44970","3.87","4.63","0.83585313174946008","17.2","3.1300000000000002E-4","Fruity","0.28999999999999998"
"Sensory Data","02152023-0-2-DVI","DVI","No","44970","3.87","4.63","0.83585313174946008","17.2","3.1300000000000002E-4","Whey Taint","1"
"Sensory Data","02152023-0-2-DVI","DVI","No","44970","3.87","4.63","0.83585313174946008","17.2","3.1300000000000002E-4","Astringent","1.95"
"Sensory Data","02152023-0-2-DVI","DVI","No","44970","3.87","4.63","0.83585313174946008","17.2","3.1300000000000002E-4","Others","0"
"Process Data","02162023-1-2-BS","BS","No","44970","3.86","4.59","0.84095860566448799","17.100000000000001","8.9999999999999993E-3","Coagulation pH","6.4"
"Process Data","02162023-1-2-BS","BS","No","44970","3.86","4.59","0.84095860566448799","17.100000000000001","8.9999999999999993E-3","Coagulation time (minutes)","25.75"
"Process Data","02162023-1-2-BS","BS","No","44970","3.86","4.59","0.84095860566448799","17.100000000000001","8.9999999999999993E-3","Whey removal pH","6.26"
"Process Data","02162023-1-2-BS","BS","No","44970","3.86","4.59","0.84095860566448799","17.100000000000001","8.9999999999999993E-3","Mill pH","5.41"
"Process Data","02162023-1-2-BS","BS","No","44970","3.86","4.59","0.84095860566448799","17.100000000000001","8.9999999999999993E-3","Inoc_PO Time","125"
"Process Data","02162023-1-2-BS","BS","No","44970","3.86","4.59","0.84095860566448799","17.100000000000001","8.9999999999999993E-3","Inoc_Mill Time","220"
"Biochemical Data","02162023-1-2-BS","BS","No","44970","3.86","4.59","0.84095860566448799","17.100000000000001","8.9999999999999993E-3","Moisture%","34.86"
"Biochemical Data","02162023-1-2-BS","BS","No","44970","3.86","4.59","0.84095860566448799","17.100000000000001","8.9999999999999993E-3","Protein%","25.32"
"Biochemical Data","02162023-1-2-BS","BS","No","44970","3.86","4.59","0.84095860566448799","17.100000000000001","8.9999999999999993E-3","Fat%","33.61"
"Biochemical Data","02162023-1-2-BS","BS","No","44970","3.86","4.59","0.84095860566448799","17.100000000000001","8.9999999999999993E-3","FDB","0.51596561252686524"
"Biochemical Data","02162023-1-2-BS","BS","No","44970","3.86","4.59","0.84095860566448799","17.100000000000001","8.9999999999999993E-3","MFFS","0.5250790781744239"
"Biochemical Data","02162023-1-2-BS","BS","No","44970","3.86","4.59","0.84095860566448799","17.100000000000001","8.9999999999999993E-3","Salt%","1.69"
"Biochemical Data","02162023-1-2-BS","BS","No","44970","3.86","4.59","0.84095860566448799","17.100000000000001","8.9999999999999993E-3","S/M","4.8479632816982213E-2"
"Biochemical Data","02162023-1-2-BS","BS","No","44970","3.86","4.59","0.84095860566448799","17.100000000000001","8.9999999999999993E-3","Ca","8.5699999999999995E-3"
"Biochemical Data","02162023-1-2-BS","BS","No","44970","3.86","4.59","0.84095860566448799","17.100000000000001","8.9999999999999993E-3","Initial Cheese pH","5.3"
"Biochemical Data","02162023-1-2-BS","BS","No","44970","3.86","4.59","0.84095860566448799","17.100000000000001","8.9999999999999993E-3","%NPN/TN","9.7551342812006323E-2"
"Biochemical Data","02162023-1-2-BS","BS","No","44970","3.86","4.59","0.84095860566448799","17.100000000000001","8.9999999999999993E-3","%NCN/TN","0.15758293838862561"
"Biochemical Data","02162023-1-2-BS","BS","No","44970","3.86","4.59","0.84095860566448799","17.100000000000001","8.9999999999999993E-3","Total FFA%","2.5999999999999999E-3"
"Biochemical Data","02162023-1-2-BS","BS","No","44970","3.86","4.59","0.84095860566448799","17.100000000000001","8.9999999999999993E-3","Glutamic Acid","0.871"
"Biochemical Data","02162023-1-2-BS","BS","No","44970","3.86","4.59","0.84095860566448799","17.100000000000001","8.9999999999999993E-3","Leucine","0.79800000000000004"
"Biochemical Data","02162023-1-2-BS","BS","No","44970","3.86","4.59","0.84095860566448799","17.100000000000001","8.9999999999999993E-3","Lysine","0.33300000000000002"
"Biochemical Data","02162023-1-2-BS","BS","No","44970","3.86","4.59","0.84095860566448799","17.100000000000001","8.9999999999999993E-3","Aliphatic/acidc ratio","6.4037558685446019"
"Biochemical Data","02162023-1-2-BS","BS","No","44970","3.86","4.59","0.84095860566448799","17.100000000000001","8.9999999999999993E-3","Total FAA (mg/g)","3.8470000000000004"
"Sensory Data","02162023-1-2-BS","BS","No","44970","3.86","4.59","0.84095860566448799","17.100000000000001","8.9999999999999993E-3","Hand Firmness","12.56"
"Sensory Data","02162023-1-2-BS","BS","No","44970","3.86","4.59","0.84095860566448799","17.100000000000001","8.9999999999999993E-3","Cohesiveness of Mass","11.3"
"Sensory Data","02162023-1-2-BS","BS","No","44970","3.86","4.59","0.84095860566448799","17.100000000000001","8.9999999999999993E-3","Adhesiveness","9.42"
"Sensory Data","02162023-1-2-BS","BS","No","44970","3.86","4.59","0.84095860566448799","17.100000000000001","8.9999999999999993E-3","Chewiness","6.16"
"Sensory Data","02162023-1-2-BS","BS","No","44970","3.86","4.59","0.84095860566448799","17.100000000000001","8.9999999999999993E-3","Particle Size","13.6"
"Sensory Data","02162023-1-2-BS","BS","No","44970","3.86","4.59","0.84095860566448799","17.100000000000001","8.9999999999999993E-3","Bitter","0.75"
"Sensory Data","02162023-1-2-BS","BS","No","44970","3.86","4.59","0.84095860566448799","17.100000000000001","8.9999999999999993E-3","Acid","1.76"
"Sensory Data","02162023-1-2-BS","BS","No","44970","3.86","4.59","0.84095860566448799","17.100000000000001","8.9999999999999993E-3","Salt","6.25"
"Sensory Data","02162023-1-2-BS","BS","No","44970","3.86","4.59","0.84095860566448799","17.100000000000001","8.9999999999999993E-3","Sweet","0.17"
"Sensory Data","02162023-1-2-BS","BS","No","44970","3.86","4.59","0.84095860566448799","17.100000000000001","8.9999999999999993E-3","Savory","1.5"
"Sensory Data","02162023-1-2-BS","BS","No","44970","3.86","4.59","0.84095860566448799","17.100000000000001","8.9999999999999993E-3","Butter","0.83"
"Sensory Data","02162023-1-2-BS","BS","No","44970","3.86","4.59","0.84095860566448799","17.100000000000001","8.9999999999999993E-3","Brothy","1.35"
"Sensory Data","02162023-1-2-BS","BS","No","44970","3.86","4.59","0.84095860566448799","17.100000000000001","8.9999999999999993E-3","Sour","0.26"
"Sensory Data","02162023-1-2-BS","BS","No","44970","3.86","4.59","0.84095860566448799","17.100000000000001","8.9999999999999993E-3","Sulfur","0.61"
"Sensory Data","02162023-1-2-BS","BS","No","44970","3.86","4.59","0.84095860566448799","17.100000000000001","8.9999999999999993E-3","Rancid","0.06"
"Sensory Data","02162023-1-2-BS","BS","No","44970","3.86","4.59","0.84095860566448799","17.100000000000001","8.9999999999999993E-3","Fruity","0.24"
"Sensory Data","02162023-1-2-BS","BS","No","44970","3.86","4.59","0.84095860566448799","17.100000000000001","8.9999999999999993E-3","Whey Taint","0.4"
"Sensory Data","02162023-1-2-BS","BS","No","44970","3.86","4.59","0.84095860566448799","17.100000000000001","8.9999999999999993E-3","Astringent","2"
"Sensory Data","02162023-1-2-BS","BS","No","44970","3.86","4.59","0.84095860566448799","17.100000000000001","8.9999999999999993E-3","Others","0"
"Process Data","02162023-1-2-DVI","DVI","Yes","44970","3.86","4.59","0.84095860566448799","17.100000000000001","3.1300000000000002E-4","Coagulation pH","6.43"
"Process Data","02162023-1-2-DVI","DVI","Yes","44970","3.86","4.59","0.84095860566448799","17.100000000000001","3.1300000000000002E-4","Coagulation time (minutes)","25.013333333333332"
"Process Data","02162023-1-2-DVI","DVI","Yes","44970","3.86","4.59","0.84095860566448799","17.100000000000001","3.1300000000000002E-4","Whey removal pH","6.2"
"Process Data","02162023-1-2-DVI","DVI","Yes","44970","3.86","4.59","0.84095860566448799","17.100000000000001","3.1300000000000002E-4","Mill pH","5.42"
"Process Data","02162023-1-2-DVI","DVI","Yes","44970","3.86","4.59","0.84095860566448799","17.100000000000001","3.1300000000000002E-4","Inoc_PO Time","125"
"Process Data","02162023-1-2-DVI","DVI","Yes","44970","3.86","4.59","0.84095860566448799","17.100000000000001","3.1300000000000002E-4","Inoc_Mill Time","205"
"Biochemical Data","02162023-1-2-DVI","DVI","Yes","44970","3.86","4.59","0.84095860566448799","17.100000000000001","3.1300000000000002E-4","Moisture%","35.39"
"Biochemical Data","02162023-1-2-DVI","DVI","Yes","44970","3.86","4.59","0.84095860566448799","17.100000000000001","3.1300000000000002E-4","Protein%","25.67"
"Biochemical Data","02162023-1-2-DVI","DVI","Yes","44970","3.86","4.59","0.84095860566448799","17.100000000000001","3.1300000000000002E-4","Fat%","33.22"
"Biochemical Data","02162023-1-2-DVI","DVI","Yes","44970","3.86","4.59","0.84095860566448799","17.100000000000001","3.1300000000000002E-4","FDB","0.51416189444358462"
"Biochemical Data","02162023-1-2-DVI","DVI","Yes","44970","3.86","4.59","0.84095860566448799","17.100000000000001","3.1300000000000002E-4","MFFS","0.5299490865528601"
"Biochemical Data","02162023-1-2-DVI","DVI","Yes","44970","3.86","4.59","0.84095860566448799","17.100000000000001","3.1300000000000002E-4","Salt%","1.75"
"Biochemical Data","02162023-1-2-DVI","DVI","Yes","44970","3.86","4.59","0.84095860566448799","17.100000000000001","3.1300000000000002E-4","S/M","4.9448996891777335E-2"
"Biochemical Data","02162023-1-2-DVI","DVI","Yes","44970","3.86","4.59","0.84095860566448799","17.100000000000001","3.1300000000000002E-4","Ca","8.2699999999999996E-3"
"Biochemical Data","02162023-1-2-DVI","DVI","Yes","44970","3.86","4.59","0.84095860566448799","17.100000000000001","3.1300000000000002E-4","Initial Cheese pH","5.25"
"Biochemical Data","02162023-1-2-DVI","DVI","Yes","44970","3.86","4.59","0.84095860566448799","17.100000000000001","3.1300000000000002E-4","%NPN/TN","9.9337748344370841E-2"
"Biochemical Data","02162023-1-2-DVI","DVI","Yes","44970","3.86","4.59","0.84095860566448799","17.100000000000001","3.1300000000000002E-4","%NCN/TN","0.14374756525126606"
"Biochemical Data","02162023-1-2-DVI","DVI","Yes","44970","3.86","4.59","0.84095860566448799","17.100000000000001","3.1300000000000002E-4","Total FFA%","2.3E-3"
"Biochemical Data","02162023-1-2-DVI","DVI","Yes","44970","3.86","4.59","0.84095860566448799","17.100000000000001","3.1300000000000002E-4","Glutamic Acid","0.95"
"Biochemical Data","02162023-1-2-DVI","DVI","Yes","44970","3.86","4.59","0.84095860566448799","17.100000000000001","3.1300000000000002E-4","Leucine","1.03"
"Biochemical Data","02162023-1-2-DVI","DVI","Yes","44970","3.86","4.59","0.84095860566448799","17.100000000000001","3.1300000000000002E-4","Lysine","0.38200000000000001"
"Biochemical Data","02162023-1-2-DVI","DVI","Yes","44970","3.86","4.59","0.84095860566448799","17.100000000000001","3.1300000000000002E-4","Aliphatic/acidc ratio","6.5776892430278897"
"Biochemical Data","02162023-1-2-DVI","DVI","Yes","44970","3.86","4.59","0.84095860566448799","17.100000000000001","3.1300000000000002E-4","Total FAA (mg/g)","4.54"
"Sensory Data","02162023-1-2-DVI","DVI","Yes","44970","3.86","4.59","0.84095860566448799","17.100000000000001","3.1300000000000002E-4","Hand Firmness","13.29"
"Sensory Data","02162023-1-2-DVI","DVI","Yes","44970","3.86","4.59","0.84095860566448799","17.100000000000001","3.1300000000000002E-4","Cohesiveness of Mass","12.36"
"Sensory Data","02162023-1-2-DVI","DVI","Yes","44970","3.86","4.59","0.84095860566448799","17.100000000000001","3.1300000000000002E-4","Adhesiveness","9.6300000000000008"
"Sensory Data","02162023-1-2-DVI","DVI","Yes","44970","3.86","4.59","0.84095860566448799","17.100000000000001","3.1300000000000002E-4","Chewiness","6.1"
"Sensory Data","02162023-1-2-DVI","DVI","Yes","44970","3.86","4.59","0.84095860566448799","17.100000000000001","3.1300000000000002E-4","Particle Size","13.48"
"Sensory Data","02162023-1-2-DVI","DVI","Yes","44970","3.86","4.59","0.84095860566448799","17.100000000000001","3.1300000000000002E-4","Bitter","0.19"
"Sensory Data","02162023-1-2-DVI","DVI","Yes","44970","3.86","4.59","0.84095860566448799","17.100000000000001","3.1300000000000002E-4","Acid","1.98"
"Sensory Data","02162023-1-2-DVI","DVI","Yes","44970","3.86","4.59","0.84095860566448799","17.100000000000001","3.1300000000000002E-4","Salt","6.47"
"Sensory Data","02162023-1-2-DVI","DVI","Yes","44970","3.86","4.59","0.84095860566448799","17.100000000000001","3.1300000000000002E-4","Sweet","0.55000000000000004"
"Sensory Data","02162023-1-2-DVI","DVI","Yes","44970","3.86","4.59","0.84095860566448799","17.100000000000001","3.1300000000000002E-4","Savory","1.97"
"Sensory Data","02162023-1-2-DVI","DVI","Yes","44970","3.86","4.59","0.84095860566448799","17.100000000000001","3.1300000000000002E-4","Butter","1.68"
"Sensory Data","02162023-1-2-DVI","DVI","Yes","44970","3.86","4.59","0.84095860566448799","17.100000000000001","3.1300000000000002E-4","Brothy","1.5"
"Sensory Data","02162023-1-2-DVI","DVI","Yes","44970","3.86","4.59","0.84095860566448799","17.100000000000001","3.1300000000000002E-4","Sour","0.67"
"Sensory Data","02162023-1-2-DVI","DVI","Yes","44970","3.86","4.59","0.84095860566448799","17.100000000000001","3.1300000000000002E-4","Sulfur","0.56000000000000005"
"Sensory Data","02162023-1-2-DVI","DVI","Yes","44970","3.86","4.59","0.84095860566448799","17.100000000000001","3.1300000000000002E-4","Rancid","0.06"
"Sensory Data","02162023-1-2-DVI","DVI","Yes","44970","3.86","4.59","0.84095860566448799","17.100000000000001","3.1300000000000002E-4","Fruity","0.5"
"Sensory Data","02162023-1-2-DVI","DVI","Yes","44970","3.86","4.59","0.84095860566448799","17.100000000000001","3.1300000000000002E-4","Whey Taint","1.73"
"Sensory Data","02162023-1-2-DVI","DVI","Yes","44970","3.86","4.59","0.84095860566448799","17.100000000000001","3.1300000000000002E-4","Astringent","2.52"
"Sensory Data","02162023-1-2-DVI","DVI","Yes","44970","3.86","4.59","0.84095860566448799","17.100000000000001","3.1300000000000002E-4","Others","0"
"Process Data","03012023-1-3-BS","BS","No","44985","3.36","4.08","0.82352941176470584","14.7","7.4999999999999997E-3","Coagulation pH","6.56"
"Process Data","03012023-1-3-BS","BS","No","44985","3.36","4.08","0.82352941176470584","14.7","7.4999999999999997E-3","Coagulation time (minutes)","28.073333333333334"
"Process Data","03012023-1-3-BS","BS","No","44985","3.36","4.08","0.82352941176470584","14.7","7.4999999999999997E-3","Whey removal pH","6.3"
"Process Data","03012023-1-3-BS","BS","No","44985","3.36","4.08","0.82352941176470584","14.7","7.4999999999999997E-3","Mill pH","5.43"
"Process Data","03012023-1-3-BS","BS","No","44985","3.36","4.08","0.82352941176470584","14.7","7.4999999999999997E-3","Inoc_PO Time","135"
"Process Data","03012023-1-3-BS","BS","No","44985","3.36","4.08","0.82352941176470584","14.7","7.4999999999999997E-3","Inoc_Mill Time","220"
"Biochemical Data","03012023-1-3-BS","BS","No","44985","3.36","4.08","0.82352941176470584","14.7","7.4999999999999997E-3","Moisture%","36.119999999999997"
"Biochemical Data","03012023-1-3-BS","BS","No","44985","3.36","4.08","0.82352941176470584","14.7","7.4999999999999997E-3","Protein%","24.79"
"Biochemical Data","03012023-1-3-BS","BS","No","44985","3.36","4.08","0.82352941176470584","14.7","7.4999999999999997E-3","Fat%","34.94"
"Biochemical Data","03012023-1-3-BS","BS","No","44985","3.36","4.08","0.82352941176470584","14.7","7.4999999999999997E-3","FDB","0.54696305572949278"
"Biochemical Data","03012023-1-3-BS","BS","No","44985","3.36","4.08","0.82352941176470584","14.7","7.4999999999999997E-3","MFFS","0.55517983399938509"
"Biochemical Data","03012023-1-3-BS","BS","No","44985","3.36","4.08","0.82352941176470584","14.7","7.4999999999999997E-3","Salt%","1.64"
"Biochemical Data","03012023-1-3-BS","BS","No","44985","3.36","4.08","0.82352941176470584","14.7","7.4999999999999997E-3","S/M","4.5404208194905871E-2"
"Biochemical Data","03012023-1-3-BS","BS","No","44985","3.36","4.08","0.82352941176470584","14.7","7.4999999999999997E-3","Ca","7.5399999999999998E-3"
"Biochemical Data","03012023-1-3-BS","BS","No","44985","3.36","4.08","0.82352941176470584","14.7","7.4999999999999997E-3","Initial Cheese pH","5.21"
"Biochemical Data","03012023-1-3-BS","BS","No","44985","3.36","4.08","0.82352941176470584","14.7","7.4999999999999997E-3","%NPN/TN","0.10810810810810811"
"Biochemical Data","03012023-1-3-BS","BS","No","44985","3.36","4.08","0.82352941176470584","14.7","7.4999999999999997E-3","%NCN/TN","0.15490116982654295"
"Biochemical Data","03012023-1-3-BS","BS","No","44985","3.36","4.08","0.82352941176470584","14.7","7.4999999999999997E-3","Total FFA%","4.8999999999999998E-3"
"Biochemical Data","03012023-1-3-BS","BS","No","44985","3.36","4.08","0.82352941176470584","14.7","7.4999999999999997E-3","Glutamic Acid","0.57799999999999996"
"Biochemical Data","03012023-1-3-BS","BS","No","44985","3.36","4.08","0.82352941176470584","14.7","7.4999999999999997E-3","Leucine","0.82299999999999995"
"Biochemical Data","03012023-1-3-BS","BS","No","44985","3.36","4.08","0.82352941176470584","14.7","7.4999999999999997E-3","Lysine","0.26200000000000001"
"Biochemical Data","03012023-1-3-BS","BS","No","44985","3.36","4.08","0.82352941176470584","14.7","7.4999999999999997E-3","Aliphatic/acidc ratio","7.7911392405063298"
"Biochemical Data","03012023-1-3-BS","BS","No","44985","3.36","4.08","0.82352941176470584","14.7","7.4999999999999997E-3","Total FAA (mg/g)","3.3249999999999997"
"Sensory Data","03012023-1-3-BS","BS","No","44985","3.36","4.08","0.82352941176470584","14.7","7.4999999999999997E-3","Hand Firmness","11.65"
"Sensory Data","03012023-1-3-BS","BS","No","44985","3.36","4.08","0.82352941176470584","14.7","7.4999999999999997E-3","Cohesiveness of Mass","10.86"
"Sensory Data","03012023-1-3-BS","BS","No","44985","3.36","4.08","0.82352941176470584","14.7","7.4999999999999997E-3","Adhesiveness","10.119999999999999"
"Sensory Data","03012023-1-3-BS","BS","No","44985","3.36","4.08","0.82352941176470584","14.7","7.4999999999999997E-3","Chewiness","5.96"
"Sensory Data","03012023-1-3-BS","BS","No","44985","3.36","4.08","0.82352941176470584","14.7","7.4999999999999997E-3","Particle Size","11.31"
"Sensory Data","03012023-1-3-BS","BS","No","44985","3.36","4.08","0.82352941176470584","14.7","7.4999999999999997E-3","Bitter","1.74"
"Sensory Data","03012023-1-3-BS","BS","No","44985","3.36","4.08","0.82352941176470584","14.7","7.4999999999999997E-3","Acid","1.61"
"Sensory Data","03012023-1-3-BS","BS","No","44985","3.36","4.08","0.82352941176470584","14.7","7.4999999999999997E-3","Salt","5.09"
"Sensory Data","03012023-1-3-BS","BS","No","44985","3.36","4.08","0.82352941176470584","14.7","7.4999999999999997E-3","Sweet","0.01"
"Sensory Data","03012023-1-3-BS","BS","No","44985","3.36","4.08","0.82352941176470584","14.7","7.4999999999999997E-3","Savory","1.2"
"Sensory Data","03012023-1-3-BS","BS","No","44985","3.36","4.08","0.82352941176470584","14.7","7.4999999999999997E-3","Butter","0.44"
"Sensory Data","03012023-1-3-BS","BS","No","44985","3.36","4.08","0.82352941176470584","14.7","7.4999999999999997E-3","Brothy","1.8"
"Sensory Data","03012023-1-3-BS","BS","No","44985","3.36","4.08","0.82352941176470584","14.7","7.4999999999999997E-3","Sour","1.0900000000000001"
"Sensory Data","03012023-1-3-BS","BS","No","44985","3.36","4.08","0.82352941176470584","14.7","7.4999999999999997E-3","Sulfur","1.4"
"Sensory Data","03012023-1-3-BS","BS","No","44985","3.36","4.08","0.82352941176470584","14.7","7.4999999999999997E-3","Rancid","0.15"
"Sensory Data","03012023-1-3-BS","BS","No","44985","3.36","4.08","0.82352941176470584","14.7","7.4999999999999997E-3","Fruity","0.11"
"Sensory Data","03012023-1-3-BS","BS","No","44985","3.36","4.08","0.82352941176470584","14.7","7.4999999999999997E-3","Whey Taint","0.43"
"Sensory Data","03012023-1-3-BS","BS","No","44985","3.36","4.08","0.82352941176470584","14.7","7.4999999999999997E-3","Astringent","1.47"
"Sensory Data","03012023-1-3-BS","BS","No","44985","3.36","4.08","0.82352941176470584","14.7","7.4999999999999997E-3","Others","0"
"Process Data","03012023-1-3-DVI","DVI","Yes","44985","3.36","4.08","0.82352941176470584","14.7","2.6600000000000001E-4","Coagulation pH","6.53"
"Process Data","03012023-1-3-DVI","DVI","Yes","44985","3.36","4.08","0.82352941176470584","14.7","2.6600000000000001E-4","Coagulation time (minutes)","25.400000000000002"
"Process Data","03012023-1-3-DVI","DVI","Yes","44985","3.36","4.08","0.82352941176470584","14.7","2.6600000000000001E-4","Whey removal pH","6.25"
"Process Data","03012023-1-3-DVI","DVI","Yes","44985","3.36","4.08","0.82352941176470584","14.7","2.6600000000000001E-4","Mill pH","5.48"
"Process Data","03012023-1-3-DVI","DVI","Yes","44985","3.36","4.08","0.82352941176470584","14.7","2.6600000000000001E-4","Inoc_PO Time","135"
"Process Data","03012023-1-3-DVI","DVI","Yes","44985","3.36","4.08","0.82352941176470584","14.7","2.6600000000000001E-4","Inoc_Mill Time","220"
"Biochemical Data","03012023-1-3-DVI","DVI","Yes","44985","3.36","4.08","0.82352941176470584","14.7","2.6600000000000001E-4","Moisture%","35.86"
"Biochemical Data","03012023-1-3-DVI","DVI","Yes","44985","3.36","4.08","0.82352941176470584","14.7","2.6600000000000001E-4","Protein%","24.88"
"Biochemical Data","03012023-1-3-DVI","DVI","Yes","44985","3.36","4.08","0.82352941176470584","14.7","2.6600000000000001E-4","Fat%","33.340000000000003"
"Biochemical Data","03012023-1-3-DVI","DVI","Yes","44985","3.36","4.08","0.82352941176470584","14.7","2.6600000000000001E-4","FDB","0.5198004365450577"
"Biochemical Data","03012023-1-3-DVI","DVI","Yes","44985","3.36","4.08","0.82352941176470584","14.7","2.6600000000000001E-4","MFFS","0.53795379537953802"
"Biochemical Data","03012023-1-3-DVI","DVI","Yes","44985","3.36","4.08","0.82352941176470584","14.7","2.6600000000000001E-4","Salt%","1.72"
"Biochemical Data","03012023-1-3-DVI","DVI","Yes","44985","3.36","4.08","0.82352941176470584","14.7","2.6600000000000001E-4","S/M","4.796430563301729E-2"
"Biochemical Data","03012023-1-3-DVI","DVI","Yes","44985","3.36","4.08","0.82352941176470584","14.7","2.6600000000000001E-4","Ca","7.6499999999999997E-3"
"Biochemical Data","03012023-1-3-DVI","DVI","Yes","44985","3.36","4.08","0.82352941176470584","14.7","2.6600000000000001E-4","Initial Cheese pH","5.07"
"Biochemical Data","03012023-1-3-DVI","DVI","Yes","44985","3.36","4.08","0.82352941176470584","14.7","2.6600000000000001E-4","%NPN/TN","0.11093247588424437"
"Biochemical Data","03012023-1-3-DVI","DVI","Yes","44985","3.36","4.08","0.82352941176470584","14.7","2.6600000000000001E-4","%NCN/TN","0.147508038585209"
"Biochemical Data","03012023-1-3-DVI","DVI","Yes","44985","3.36","4.08","0.82352941176470584","14.7","2.6600000000000001E-4","Total FFA%","5.8999999999999999E-3"
"Biochemical Data","03012023-1-3-DVI","DVI","Yes","44985","3.36","4.08","0.82352941176470584","14.7","2.6600000000000001E-4","Glutamic Acid","0.84899999999999998"
"Biochemical Data","03012023-1-3-DVI","DVI","Yes","44985","3.36","4.08","0.82352941176470584","14.7","2.6600000000000001E-4","Leucine","0.95"
"Biochemical Data","03012023-1-3-DVI","DVI","Yes","44985","3.36","4.08","0.82352941176470584","14.7","2.6600000000000001E-4","Lysine","0.31"
"Biochemical Data","03012023-1-3-DVI","DVI","Yes","44985","3.36","4.08","0.82352941176470584","14.7","2.6600000000000001E-4","Aliphatic/acidc ratio","4.9157894736842112"
"Biochemical Data","03012023-1-3-DVI","DVI","Yes","44985","3.36","4.08","0.82352941176470584","14.7","2.6600000000000001E-4","Total FAA (mg/g)","4.0840000000000005"
"Sensory Data","03012023-1-3-DVI","DVI","Yes","44985","3.36","4.08","0.82352941176470584","14.7","2.6600000000000001E-4","Hand Firmness","11.49"
"Sensory Data","03012023-1-3-DVI","DVI","Yes","44985","3.36","4.08","0.82352941176470584","14.7","2.6600000000000001E-4","Cohesiveness of Mass","11.9"
"Sensory Data","03012023-1-3-DVI","DVI","Yes","44985","3.36","4.08","0.82352941176470584","14.7","2.6600000000000001E-4","Adhesiveness","10.66"
"Sensory Data","03012023-1-3-DVI","DVI","Yes","44985","3.36","4.08","0.82352941176470584","14.7","2.6600000000000001E-4","Chewiness","6.23"
"Sensory Data","03012023-1-3-DVI","DVI","Yes","44985","3.36","4.08","0.82352941176470584","14.7","2.6600000000000001E-4","Particle Size","10.96"
"Sensory Data","03012023-1-3-DVI","DVI","Yes","44985","3.36","4.08","0.82352941176470584","14.7","2.6600000000000001E-4","Bitter","1.69"
"Sensory Data","03012023-1-3-DVI","DVI","Yes","44985","3.36","4.08","0.82352941176470584","14.7","2.6600000000000001E-4","Acid","1.23"
"Sensory Data","03012023-1-3-DVI","DVI","Yes","44985","3.36","4.08","0.82352941176470584","14.7","2.6600000000000001E-4","Salt","4.67"
"Sensory Data","03012023-1-3-DVI","DVI","Yes","44985","3.36","4.08","0.82352941176470584","14.7","2.6600000000000001E-4","Sweet","0"
"Sensory Data","03012023-1-3-DVI","DVI","Yes","44985","3.36","4.08","0.82352941176470584","14.7","2.6600000000000001E-4","Savory","1.21"
"Sensory Data","03012023-1-3-DVI","DVI","Yes","44985","3.36","4.08","0.82352941176470584","14.7","2.6600000000000001E-4","Butter","0.3"
"Sensory Data","03012023-1-3-DVI","DVI","Yes","44985","3.36","4.08","0.82352941176470584","14.7","2.6600000000000001E-4","Brothy","1.77"
"Sensory Data","03012023-1-3-DVI","DVI","Yes","44985","3.36","4.08","0.82352941176470584","14.7","2.6600000000000001E-4","Sour","1.42"
"Sensory Data","03012023-1-3-DVI","DVI","Yes","44985","3.36","4.08","0.82352941176470584","14.7","2.6600000000000001E-4","Sulfur","1.32"
"Sensory Data","03012023-1-3-DVI","DVI","Yes","44985","3.36","4.08","0.82352941176470584","14.7","2.6600000000000001E-4","Rancid","0.87"
"Sensory Data","03012023-1-3-DVI","DVI","Yes","44985","3.36","4.08","0.82352941176470584","14.7","2.6600000000000001E-4","Fruity","0.14000000000000001"
"Sensory Data","03012023-1-3-DVI","DVI","Yes","44985","3.36","4.08","0.82352941176470584","14.7","2.6600000000000001E-4","Whey Taint","0.51"
"Sensory Data","03012023-1-3-DVI","DVI","Yes","44985","3.36","4.08","0.82352941176470584","14.7","2.6600000000000001E-4","Astringent","2.06"
"Sensory Data","03012023-1-3-DVI","DVI","Yes","44985","3.36","4.08","0.82352941176470584","14.7","2.6600000000000001E-4","Others","0.22"
"Process Data","03022023-0-3-BS","BS","No","44985","3.36","4.08","0.82352941176470584","14.7","7.4999999999999997E-3","Coagulation pH","6.6"
"Process Data","03022023-0-3-BS","BS","No","44985","3.36","4.08","0.82352941176470584","14.7","7.4999999999999997E-3","Coagulation time (minutes)","28.060000000000002"
"Process Data","03022023-0-3-BS","BS","No","44985","3.36","4.08","0.82352941176470584","14.7","7.4999999999999997E-3","Whey removal pH","6.32"
"Process Data","03022023-0-3-BS","BS","No","44985","3.36","4.08","0.82352941176470584","14.7","7.4999999999999997E-3","Mill pH","5.48"
"Process Data","03022023-0-3-BS","BS","No","44985","3.36","4.08","0.82352941176470584","14.7","7.4999999999999997E-3","Inoc_PO Time","145"
"Process Data","03022023-0-3-BS","BS","No","44985","3.36","4.08","0.82352941176470584","14.7","7.4999999999999997E-3","Inoc_Mill Time","225"
"Biochemical Data","03022023-0-3-BS","BS","No","44985","3.36","4.08","0.82352941176470584","14.7","7.4999999999999997E-3","Moisture%","35.74"
"Biochemical Data","03022023-0-3-BS","BS","No","44985","3.36","4.08","0.82352941176470584","14.7","7.4999999999999997E-3","Protein%","24.98"
"Biochemical Data","03022023-0-3-BS","BS","No","44985","3.36","4.08","0.82352941176470584","14.7","7.4999999999999997E-3","Fat%","33.549999999999997"
"Biochemical Data","03022023-0-3-BS","BS","No","44985","3.36","4.08","0.82352941176470584","14.7","7.4999999999999997E-3","FDB","0.52209772798008092"
"Biochemical Data","03022023-0-3-BS","BS","No","44985","3.36","4.08","0.82352941176470584","14.7","7.4999999999999997E-3","MFFS","0.53784800601956362"
"Biochemical Data","03022023-0-3-BS","BS","No","44985","3.36","4.08","0.82352941176470584","14.7","7.4999999999999997E-3","Salt%","1.72"
"Biochemical Data","03022023-0-3-BS","BS","No","44985","3.36","4.08","0.82352941176470584","14.7","7.4999999999999997E-3","S/M","4.8125349748181306E-2"
"Biochemical Data","03022023-0-3-BS","BS","No","44985","3.36","4.08","0.82352941176470584","14.7","7.4999999999999997E-3","Ca","7.4400000000000004E-3"
"Biochemical Data","03022023-0-3-BS","BS","No","44985","3.36","4.08","0.82352941176470584","14.7","7.4999999999999997E-3","Initial Cheese pH","5.3"
"Biochemical Data","03022023-0-3-BS","BS","No","44985","3.36","4.08","0.82352941176470584","14.7","7.4999999999999997E-3","%NPN/TN","0.10328262610088071"
"Biochemical Data","03022023-0-3-BS","BS","No","44985","3.36","4.08","0.82352941176470584","14.7","7.4999999999999997E-3","%NCN/TN","0.13250600480384309"
"Biochemical Data","03022023-0-3-BS","BS","No","44985","3.36","4.08","0.82352941176470584","14.7","7.4999999999999997E-3","Total FFA%","8.2000000000000007E-3"
"Biochemical Data","03022023-0-3-BS","BS","No","44985","3.36","4.08","0.82352941176470584","14.7","7.4999999999999997E-3","Glutamic Acid","0.87"
"Biochemical Data","03022023-0-3-BS","BS","No","44985","3.36","4.08","0.82352941176470584","14.7","7.4999999999999997E-3","Leucine","0.81299999999999994"
"Biochemical Data","03022023-0-3-BS","BS","No","44985","3.36","4.08","0.82352941176470584","14.7","7.4999999999999997E-3","Lysine","0.30299999999999999"
"Biochemical Data","03022023-0-3-BS","BS","No","44985","3.36","4.08","0.82352941176470584","14.7","7.4999999999999997E-3","Aliphatic/acidc ratio","4.8645418326693219"
"Biochemical Data","03022023-0-3-BS","BS","No","44985","3.36","4.08","0.82352941176470584","14.7","7.4999999999999997E-3","Total FAA (mg/g)","3.7940000000000005"
"Sensory Data","03022023-0-3-BS","BS","No","44985","3.36","4.08","0.82352941176470584","14.7","7.4999999999999997E-3","Hand Firmness","10.55"
"Sensory Data","03022023-0-3-BS","BS","No","44985","3.36","4.08","0.82352941176470584","14.7","7.4999999999999997E-3","Cohesiveness of Mass","11.49"
"Sensory Data","03022023-0-3-BS","BS","No","44985","3.36","4.08","0.82352941176470584","14.7","7.4999999999999997E-3","Adhesiveness","10.24"
"Sensory Data","03022023-0-3-BS","BS","No","44985","3.36","4.08","0.82352941176470584","14.7","7.4999999999999997E-3","Chewiness","5.86"
"Sensory Data","03022023-0-3-BS","BS","No","44985","3.36","4.08","0.82352941176470584","14.7","7.4999999999999997E-3","Particle Size","10.06"
"Sensory Data","03022023-0-3-BS","BS","No","44985","3.36","4.08","0.82352941176470584","14.7","7.4999999999999997E-3","Bitter","1.33"
"Sensory Data","03022023-0-3-BS","BS","No","44985","3.36","4.08","0.82352941176470584","14.7","7.4999999999999997E-3","Acid","1.1000000000000001"
"Sensory Data","03022023-0-3-BS","BS","No","44985","3.36","4.08","0.82352941176470584","14.7","7.4999999999999997E-3","Salt","4.79"
"Sensory Data","03022023-0-3-BS","BS","No","44985","3.36","4.08","0.82352941176470584","14.7","7.4999999999999997E-3","Sweet","0"
"Sensory Data","03022023-0-3-BS","BS","No","44985","3.36","4.08","0.82352941176470584","14.7","7.4999999999999997E-3","Savory","1.3"
"Sensory Data","03022023-0-3-BS","BS","No","44985","3.36","4.08","0.82352941176470584","14.7","7.4999999999999997E-3","Butter","0.36"
"Sensory Data","03022023-0-3-BS","BS","No","44985","3.36","4.08","0.82352941176470584","14.7","7.4999999999999997E-3","Brothy","2.19"
"Sensory Data","03022023-0-3-BS","BS","No","44985","3.36","4.08","0.82352941176470584","14.7","7.4999999999999997E-3","Sour","0.77"
"Sensory Data","03022023-0-3-BS","BS","No","44985","3.36","4.08","0.82352941176470584","14.7","7.4999999999999997E-3","Sulfur","1.25"
"Sensory Data","03022023-0-3-BS","BS","No","44985","3.36","4.08","0.82352941176470584","14.7","7.4999999999999997E-3","Rancid","0.65"
"Sensory Data","03022023-0-3-BS","BS","No","44985","3.36","4.08","0.82352941176470584","14.7","7.4999999999999997E-3","Fruity","0.1"
"Sensory Data","03022023-0-3-BS","BS","No","44985","3.36","4.08","0.82352941176470584","14.7","7.4999999999999997E-3","Whey Taint","0.2"
"Sensory Data","03022023-0-3-BS","BS","No","44985","3.36","4.08","0.82352941176470584","14.7","7.4999999999999997E-3","Astringent","1.59"
"Sensory Data","03022023-0-3-BS","BS","No","44985","3.36","4.08","0.82352941176470584","14.7","7.4999999999999997E-3","Others","0.31"
"Process Data","03022023-0-3-DVI","DVI","No","44985","3.36","4.08","0.82352941176470584","14.7","2.6600000000000001E-4","Coagulation pH","6.64"
"Process Data","03022023-0-3-DVI","DVI","No","44985","3.36","4.08","0.82352941176470584","14.7","2.6600000000000001E-4","Coagulation time (minutes)","37.300000000000004"
"Process Data","03022023-0-3-DVI","DVI","No","44985","3.36","4.08","0.82352941176470584","14.7","2.6600000000000001E-4","Whey removal pH","6.26"
"Process Data","03022023-0-3-DVI","DVI","No","44985","3.36","4.08","0.82352941176470584","14.7","2.6600000000000001E-4","Mill pH","5.43"
"Process Data","03022023-0-3-DVI","DVI","No","44985","3.36","4.08","0.82352941176470584","14.7","2.6600000000000001E-4","Inoc_PO Time","135"
"Process Data","03022023-0-3-DVI","DVI","No","44985","3.36","4.08","0.82352941176470584","14.7","2.6600000000000001E-4","Inoc_Mill Time","225"
"Biochemical Data","03022023-0-3-DVI","DVI","No","44985","3.36","4.08","0.82352941176470584","14.7","2.6600000000000001E-4","Moisture%","36.72"
"Biochemical Data","03022023-0-3-DVI","DVI","No","44985","3.36","4.08","0.82352941176470584","14.7","2.6600000000000001E-4","Protein%","25.48"
"Biochemical Data","03022023-0-3-DVI","DVI","No","44985","3.36","4.08","0.82352941176470584","14.7","2.6600000000000001E-4","Fat%","32.5"
"Biochemical Data","03022023-0-3-DVI","DVI","No","44985","3.36","4.08","0.82352941176470584","14.7","2.6600000000000001E-4","FDB","0.51359039190897593"
"Biochemical Data","03022023-0-3-DVI","DVI","No","44985","3.36","4.08","0.82352941176470584","14.7","2.6600000000000001E-4","MFFS","0.54399999999999993"
"Biochemical Data","03022023-0-3-DVI","DVI","No","44985","3.36","4.08","0.82352941176470584","14.7","2.6600000000000001E-4","Salt%","1.77"
"Biochemical Data","03022023-0-3-DVI","DVI","No","44985","3.36","4.08","0.82352941176470584","14.7","2.6600000000000001E-4","S/M","4.820261437908497E-2"
"Biochemical Data","03022023-0-3-DVI","DVI","No","44985","3.36","4.08","0.82352941176470584","14.7","2.6600000000000001E-4","Ca","7.2899999999999996E-3"
"Biochemical Data","03022023-0-3-DVI","DVI","No","44985","3.36","4.08","0.82352941176470584","14.7","2.6600000000000001E-4","Initial Cheese pH","5.07"
"Biochemical Data","03022023-0-3-DVI","DVI","No","44985","3.36","4.08","0.82352941176470584","14.7","2.6600000000000001E-4","%NPN/TN","0.10282574568288855"
"Biochemical Data","03022023-0-3-DVI","DVI","No","44985","3.36","4.08","0.82352941176470584","14.7","2.6600000000000001E-4","%NCN/TN","0.14010989010989011"
"Biochemical Data","03022023-0-3-DVI","DVI","No","44985","3.36","4.08","0.82352941176470584","14.7","2.6600000000000001E-4","Total FFA%","8.5000000000000006E-3"
"Biochemical Data","03022023-0-3-DVI","DVI","No","44985","3.36","4.08","0.82352941176470584","14.7","2.6600000000000001E-4","Glutamic Acid","0.66400000000000003"
"Biochemical Data","03022023-0-3-DVI","DVI","No","44985","3.36","4.08","0.82352941176470584","14.7","2.6600000000000001E-4","Leucine","0.88900000000000001"
"Biochemical Data","03022023-0-3-DVI","DVI","No","44985","3.36","4.08","0.82352941176470584","14.7","2.6600000000000001E-4","Lysine","0.27300000000000002"
"Biochemical Data","03022023-0-3-DVI","DVI","No","44985","3.36","4.08","0.82352941176470584","14.7","2.6600000000000001E-4","Aliphatic/acidc ratio","8.8911564625850339"
"Biochemical Data","03022023-0-3-DVI","DVI","No","44985","3.36","4.08","0.82352941176470584","14.7","2.6600000000000001E-4","Total FAA (mg/g)","3.5789999999999997"
"Sensory Data","03022023-0-3-DVI","DVI","No","44985","3.36","4.08","0.82352941176470584","14.7","2.6600000000000001E-4","Hand Firmness","11.27"
"Sensory Data","03022023-0-3-DVI","DVI","No","44985","3.36","4.08","0.82352941176470584","14.7","2.6600000000000001E-4","Cohesiveness of Mass","11.69"
"Sensory Data","03022023-0-3-DVI","DVI","No","44985","3.36","4.08","0.82352941176470584","14.7","2.6600000000000001E-4","Adhesiveness","10.9"
"Sensory Data","03022023-0-3-DVI","DVI","No","44985","3.36","4.08","0.82352941176470584","14.7","2.6600000000000001E-4","Chewiness","6.02"
"Sensory Data","03022023-0-3-DVI","DVI","No","44985","3.36","4.08","0.82352941176470584","14.7","2.6600000000000001E-4","Particle Size","12.33"
"Sensory Data","03022023-0-3-DVI","DVI","No","44985","3.36","4.08","0.82352941176470584","14.7","2.6600000000000001E-4","Bitter","1.31"
"Sensory Data","03022023-0-3-DVI","DVI","No","44985","3.36","4.08","0.82352941176470584","14.7","2.6600000000000001E-4","Acid","1.26"
"Sensory Data","03022023-0-3-DVI","DVI","No","44985","3.36","4.08","0.82352941176470584","14.7","2.6600000000000001E-4","Salt","5.07"
"Sensory Data","03022023-0-3-DVI","DVI","No","44985","3.36","4.08","0.82352941176470584","14.7","2.6600000000000001E-4","Sweet","0"
"Sensory Data","03022023-0-3-DVI","DVI","No","44985","3.36","4.08","0.82352941176470584","14.7","2.6600000000000001E-4","Savory","1.0900000000000001"
"Sensory Data","03022023-0-3-DVI","DVI","No","44985","3.36","4.08","0.82352941176470584","14.7","2.6600000000000001E-4","Butter","0.41"
"Sensory Data","03022023-0-3-DVI","DVI","No","44985","3.36","4.08","0.82352941176470584","14.7","2.6600000000000001E-4","Brothy","2.11"
"Sensory Data","03022023-0-3-DVI","DVI","No","44985","3.36","4.08","0.82352941176470584","14.7","2.6600000000000001E-4","Sour","0.8"
"Sensory Data","03022023-0-3-DVI","DVI","No","44985","3.36","4.08","0.82352941176470584","14.7","2.6600000000000001E-4","Sulfur","1.29"
"Sensory Data","03022023-0-3-DVI","DVI","No","44985","3.36","4.08","0.82352941176470584","14.7","2.6600000000000001E-4","Rancid","0.76"
"Sensory Data","03022023-0-3-DVI","DVI","No","44985","3.36","4.08","0.82352941176470584","14.7","2.6600000000000001E-4","Fruity","0.28999999999999998"
"Sensory Data","03022023-0-3-DVI","DVI","No","44985","3.36","4.08","0.82352941176470584","14.7","2.6600000000000001E-4","Whey Taint","0.41"
"Sensory Data","03022023-0-3-DVI","DVI","No","44985","3.36","4.08","0.82352941176470584","14.7","2.6600000000000001E-4","Astringent","1.66"
"Sensory Data","03022023-0-3-DVI","DVI","No","44985","3.36","4.08","0.82352941176470584","14.7","2.6600000000000001E-4","Others","0.01"
"Process Data","03152023-0-4-BS","BS","No","44999","3.87","4.7","0.82340425531914896","16.7","9.1599999999999997E-3","Coagulation pH","6.52"
"Process Data","03152023-0-4-BS","BS","No","44999","3.87","4.7","0.82340425531914896","16.7","9.1599999999999997E-3","Coagulation time (minutes)","16.733333333333334"
"Process Data","03152023-0-4-BS","BS","No","44999","3.87","4.7","0.82340425531914896","16.7","9.1599999999999997E-3","Whey removal pH","6.21"
"Process Data","03152023-0-4-BS","BS","No","44999","3.87","4.7","0.82340425531914896","16.7","9.1599999999999997E-3","Mill pH","5.42"
"Process Data","03152023-0-4-BS","BS","No","44999","3.87","4.7","0.82340425531914896","16.7","9.1599999999999997E-3","Inoc_PO Time","145"
"Process Data","03152023-0-4-BS","BS","No","44999","3.87","4.7","0.82340425531914896","16.7","9.1599999999999997E-3","Inoc_Mill Time","210"
"Biochemical Data","03152023-0-4-BS","BS","No","44999","3.87","4.7","0.82340425531914896","16.7","9.1599999999999997E-3","Moisture%","35.25"
"Biochemical Data","03152023-0-4-BS","BS","No","44999","3.87","4.7","0.82340425531914896","16.7","9.1599999999999997E-3","Protein%","25.54"
"Biochemical Data","03152023-0-4-BS","BS","No","44999","3.87","4.7","0.82340425531914896","16.7","9.1599999999999997E-3","Fat%","32.4"
"Biochemical Data","03152023-0-4-BS","BS","No","44999","3.87","4.7","0.82340425531914896","16.7","9.1599999999999997E-3","FDB","0.50038610038610032"
"Biochemical Data","03152023-0-4-BS","BS","No","44999","3.87","4.7","0.82340425531914896","16.7","9.1599999999999997E-3","MFFS","0.52144970414201186"
"Biochemical Data","03152023-0-4-BS","BS","No","44999","3.87","4.7","0.82340425531914896","16.7","9.1599999999999997E-3","Salt%","1.91"
"Biochemical Data","03152023-0-4-BS","BS","No","44999","3.87","4.7","0.82340425531914896","16.7","9.1599999999999997E-3","S/M","5.4184397163120568E-2"
"Biochemical Data","03152023-0-4-BS","BS","No","44999","3.87","4.7","0.82340425531914896","16.7","9.1599999999999997E-3","Ca","7.4000000000000003E-3"
"Biochemical Data","03152023-0-4-BS","BS","No","44999","3.87","4.7","0.82340425531914896","16.7","9.1599999999999997E-3","Initial Cheese pH","5.14"
"Biochemical Data","03152023-0-4-BS","BS","No","44999","3.87","4.7","0.82340425531914896","16.7","9.1599999999999997E-3","%NPN/TN","8.848864526233359E-2"
"Biochemical Data","03152023-0-4-BS","BS","No","44999","3.87","4.7","0.82340425531914896","16.7","9.1599999999999997E-3","%NCN/TN","0.15661707126076743"
"Biochemical Data","03152023-0-4-BS","BS","No","44999","3.87","4.7","0.82340425531914896","16.7","9.1599999999999997E-3","Total FFA%","4.0000000000000001E-3"
"Biochemical Data","03152023-0-4-BS","BS","No","44999","3.87","4.7","0.82340425531914896","16.7","9.1599999999999997E-3","Glutamic Acid","0.755"
"Biochemical Data","03152023-0-4-BS","BS","No","44999","3.87","4.7","0.82340425531914896","16.7","9.1599999999999997E-3","Leucine","0.74199999999999999"
"Biochemical Data","03152023-0-4-BS","BS","No","44999","3.87","4.7","0.82340425531914896","16.7","9.1599999999999997E-3","Lysine","0.25"
"Biochemical Data","03152023-0-4-BS","BS","No","44999","3.87","4.7","0.82340425531914896","16.7","9.1599999999999997E-3","Aliphatic/acidc ratio","8.2666666666666675"
"Biochemical Data","03152023-0-4-BS","BS","No","44999","3.87","4.7","0.82340425531914896","16.7","9.1599999999999997E-3","Total FAA (mg/g)","3.2870000000000004"
"Sensory Data","03152023-0-4-BS","BS","No","44999","3.87","4.7","0.82340425531914896","16.7","9.1599999999999997E-3","Hand Firmness","11.52"
"Sensory Data","03152023-0-4-BS","BS","No","44999","3.87","4.7","0.82340425531914896","16.7","9.1599999999999997E-3","Cohesiveness of Mass","13.01"
"Sensory Data","03152023-0-4-BS","BS","No","44999","3.87","4.7","0.82340425531914896","16.7","9.1599999999999997E-3","Adhesiveness","10.15"
"Sensory Data","03152023-0-4-BS","BS","No","44999","3.87","4.7","0.82340425531914896","16.7","9.1599999999999997E-3","Chewiness","6.25"
"Sensory Data","03152023-0-4-BS","BS","No","44999","3.87","4.7","0.82340425531914896","16.7","9.1599999999999997E-3","Particle Size","13.1"
"Sensory Data","03152023-0-4-BS","BS","No","44999","3.87","4.7","0.82340425531914896","16.7","9.1599999999999997E-3","Bitter","1.1399999999999999"
"Sensory Data","03152023-0-4-BS","BS","No","44999","3.87","4.7","0.82340425531914896","16.7","9.1599999999999997E-3","Acid","2.93"
"Sensory Data","03152023-0-4-BS","BS","No","44999","3.87","4.7","0.82340425531914896","16.7","9.1599999999999997E-3","Salt","5.9"
"Sensory Data","03152023-0-4-BS","BS","No","44999","3.87","4.7","0.82340425531914896","16.7","9.1599999999999997E-3","Sweet","0.05"
"Sensory Data","03152023-0-4-BS","BS","No","44999","3.87","4.7","0.82340425531914896","16.7","9.1599999999999997E-3","Savory","1.1200000000000001"
"Sensory Data","03152023-0-4-BS","BS","No","44999","3.87","4.7","0.82340425531914896","16.7","9.1599999999999997E-3","Butter","0.65"
"Sensory Data","03152023-0-4-BS","BS","No","44999","3.87","4.7","0.82340425531914896","16.7","9.1599999999999997E-3","Brothy","1.61"
"Sensory Data","03152023-0-4-BS","BS","No","44999","3.87","4.7","0.82340425531914896","16.7","9.1599999999999997E-3","Sour","1.2"
"Sensory Data","03152023-0-4-BS","BS","No","44999","3.87","4.7","0.82340425531914896","16.7","9.1599999999999997E-3","Sulfur","0.75"
"Sensory Data","03152023-0-4-BS","BS","No","44999","3.87","4.7","0.82340425531914896","16.7","9.1599999999999997E-3","Rancid","0"
"Sensory Data","03152023-0-4-BS","BS","No","44999","3.87","4.7","0.82340425531914896","16.7","9.1599999999999997E-3","Fruity","0"
"Sensory Data","03152023-0-4-BS","BS","No","44999","3.87","4.7","0.82340425531914896","16.7","9.1599999999999997E-3","Whey Taint","0.25"
"Sensory Data","03152023-0-4-BS","BS","No","44999","3.87","4.7","0.82340425531914896","16.7","9.1599999999999997E-3","Astringent","1.61"
"Sensory Data","03152023-0-4-BS","BS","No","44999","3.87","4.7","0.82340425531914896","16.7","9.1599999999999997E-3","Others","0.14000000000000001"
"Process Data","03152023-0-4-DVI","DVI","No","44999","3.87","4.7","0.82340425531914896","16.7","4.08E-4","Coagulation pH","6.65"
"Process Data","03152023-0-4-DVI","DVI","No","44999","3.87","4.7","0.82340425531914896","16.7","4.08E-4","Coagulation time (minutes)","22.733333333333334"
"Process Data","03152023-0-4-DVI","DVI","No","44999","3.87","4.7","0.82340425531914896","16.7","4.08E-4","Whey removal pH","6.12"
"Process Data","03152023-0-4-DVI","DVI","No","44999","3.87","4.7","0.82340425531914896","16.7","4.08E-4","Mill pH","5.35"
"Process Data","03152023-0-4-DVI","DVI","No","44999","3.87","4.7","0.82340425531914896","16.7","4.08E-4","Inoc_PO Time","135"
"Process Data","03152023-0-4-DVI","DVI","No","44999","3.87","4.7","0.82340425531914896","16.7","4.08E-4","Inoc_Mill Time","208"
"Biochemical Data","03152023-0-4-DVI","DVI","No","44999","3.87","4.7","0.82340425531914896","16.7","4.08E-4","Moisture%","35.619999999999997"
"Biochemical Data","03152023-0-4-DVI","DVI","No","44999","3.87","4.7","0.82340425531914896","16.7","4.08E-4","Protein%","25.65"
"Biochemical Data","03152023-0-4-DVI","DVI","No","44999","3.87","4.7","0.82340425531914896","16.7","4.08E-4","Fat%","33.18"
"Biochemical Data","03152023-0-4-DVI","DVI","No","44999","3.87","4.7","0.82340425531914896","16.7","4.08E-4","FDB","0.51537744641192917"
"Biochemical Data","03152023-0-4-DVI","DVI","No","44999","3.87","4.7","0.82340425531914896","16.7","4.08E-4","MFFS","0.53307392996108949"
"Biochemical Data","03152023-0-4-DVI","DVI","No","44999","3.87","4.7","0.82340425531914896","16.7","4.08E-4","Salt%","1.93"
"Biochemical Data","03152023-0-4-DVI","DVI","No","44999","3.87","4.7","0.82340425531914896","16.7","4.08E-4","S/M","5.4183043234138126E-2"
"Biochemical Data","03152023-0-4-DVI","DVI","No","44999","3.87","4.7","0.82340425531914896","16.7","4.08E-4","Ca","7.1500000000000001E-3"
"Biochemical Data","03152023-0-4-DVI","DVI","No","44999","3.87","4.7","0.82340425531914896","16.7","4.08E-4","Initial Cheese pH","5.15"
"Biochemical Data","03152023-0-4-DVI","DVI","No","44999","3.87","4.7","0.82340425531914896","16.7","4.08E-4","%NPN/TN","9.0838206627680315E-2"
"Biochemical Data","03152023-0-4-DVI","DVI","No","44999","3.87","4.7","0.82340425531914896","16.7","4.08E-4","%NCN/TN","0.15438596491228071"
"Biochemical Data","03152023-0-4-DVI","DVI","No","44999","3.87","4.7","0.82340425531914896","16.7","4.08E-4","Total FFA%","3.7000000000000002E-3"
"Biochemical Data","03152023-0-4-DVI","DVI","No","44999","3.87","4.7","0.82340425531914896","16.7","4.08E-4","Glutamic Acid","1.25"
"Biochemical Data","03152023-0-4-DVI","DVI","No","44999","3.87","4.7","0.82340425531914896","16.7","4.08E-4","Leucine","1.18"
"Biochemical Data","03152023-0-4-DVI","DVI","No","44999","3.87","4.7","0.82340425531914896","16.7","4.08E-4","Lysine","0.377"
"Biochemical Data","03152023-0-4-DVI","DVI","No","44999","3.87","4.7","0.82340425531914896","16.7","4.08E-4","Aliphatic/acidc ratio","3.9957173447537473"
"Biochemical Data","03152023-0-4-DVI","DVI","No","44999","3.87","4.7","0.82340425531914896","16.7","4.08E-4","Total FAA (mg/g)","5.7906999999999993"
"Sensory Data","03152023-0-4-DVI","DVI","No","44999","3.87","4.7","0.82340425531914896","16.7","4.08E-4","Hand Firmness","11.87"
"Sensory Data","03152023-0-4-DVI","DVI","No","44999","3.87","4.7","0.82340425531914896","16.7","4.08E-4","Cohesiveness of Mass","12.67"
"Sensory Data","03152023-0-4-DVI","DVI","No","44999","3.87","4.7","0.82340425531914896","16.7","4.08E-4","Adhesiveness","9.6300000000000008"
"Sensory Data","03152023-0-4-DVI","DVI","No","44999","3.87","4.7","0.82340425531914896","16.7","4.08E-4","Chewiness","5.77"
"Sensory Data","03152023-0-4-DVI","DVI","No","44999","3.87","4.7","0.82340425531914896","16.7","4.08E-4","Particle Size","12.81"
"Sensory Data","03152023-0-4-DVI","DVI","No","44999","3.87","4.7","0.82340425531914896","16.7","4.08E-4","Bitter","0.46"
"Sensory Data","03152023-0-4-DVI","DVI","No","44999","3.87","4.7","0.82340425531914896","16.7","4.08E-4","Acid","2.2000000000000002"
"Sensory Data","03152023-0-4-DVI","DVI","No","44999","3.87","4.7","0.82340425531914896","16.7","4.08E-4","Salt","6.13"
"Sensory Data","03152023-0-4-DVI","DVI","No","44999","3.87","4.7","0.82340425531914896","16.7","4.08E-4","Sweet","0.24"
"Sensory Data","03152023-0-4-DVI","DVI","No","44999","3.87","4.7","0.82340425531914896","16.7","4.08E-4","Savory","1.35"
"Sensory Data","03152023-0-4-DVI","DVI","No","44999","3.87","4.7","0.82340425531914896","16.7","4.08E-4","Butter","0.86"
"Sensory Data","03152023-0-4-DVI","DVI","No","44999","3.87","4.7","0.82340425531914896","16.7","4.08E-4","Brothy","1.35"
"Sensory Data","03152023-0-4-DVI","DVI","No","44999","3.87","4.7","0.82340425531914896","16.7","4.08E-4","Sour","1.08"
"Sensory Data","03152023-0-4-DVI","DVI","No","44999","3.87","4.7","0.82340425531914896","16.7","4.08E-4","Sulfur","0.9"
"Sensory Data","03152023-0-4-DVI","DVI","No","44999","3.87","4.7","0.82340425531914896","16.7","4.08E-4","Rancid","0"
"Sensory Data","03152023-0-4-DVI","DVI","No","44999","3.87","4.7","0.82340425531914896","16.7","4.08E-4","Fruity","0.38"
"Sensory Data","03152023-0-4-DVI","DVI","No","44999","3.87","4.7","0.82340425531914896","16.7","4.08E-4","Whey Taint","0.6"
"Sensory Data","03152023-0-4-DVI","DVI","No","44999","3.87","4.7","0.82340425531914896","16.7","4.08E-4","Astringent","1.4"
"Sensory Data","03152023-0-4-DVI","DVI","No","44999","3.87","4.7","0.82340425531914896","16.7","4.08E-4","Others","0.3"
"Process Data","03162023-1-4-BS","BS","No","44999","3.87","4.7","0.82340425531914896","16.7","9.1599999999999997E-3","Coagulation pH","6.66"
"Process Data","03162023-1-4-BS","BS","No","44999","3.87","4.7","0.82340425531914896","16.7","9.1599999999999997E-3","Coagulation time (minutes)","18.466666666666665"
"Process Data","03162023-1-4-BS","BS","No","44999","3.87","4.7","0.82340425531914896","16.7","9.1599999999999997E-3","Whey removal pH","6.18"
"Process Data","03162023-1-4-BS","BS","No","44999","3.87","4.7","0.82340425531914896","16.7","9.1599999999999997E-3","Mill pH","5.38"
"Process Data","03162023-1-4-BS","BS","No","44999","3.87","4.7","0.82340425531914896","16.7","9.1599999999999997E-3","Inoc_PO Time","137"
"Process Data","03162023-1-4-BS","BS","No","44999","3.87","4.7","0.82340425531914896","16.7","9.1599999999999997E-3","Inoc_Mill Time","220"
"Biochemical Data","03162023-1-4-BS","BS","No","44999","3.87","4.7","0.82340425531914896","16.7","9.1599999999999997E-3","Moisture%","36.22"
"Biochemical Data","03162023-1-4-BS","BS","No","44999","3.87","4.7","0.82340425531914896","16.7","9.1599999999999997E-3","Protein%","25.63"
"Biochemical Data","03162023-1-4-BS","BS","No","44999","3.87","4.7","0.82340425531914896","16.7","9.1599999999999997E-3","Fat%","33.35"
"Biochemical Data","03162023-1-4-BS","BS","No","44999","3.87","4.7","0.82340425531914896","16.7","9.1599999999999997E-3","FDB","0.52289118846033245"
"Biochemical Data","03162023-1-4-BS","BS","No","44999","3.87","4.7","0.82340425531914896","16.7","9.1599999999999997E-3","MFFS","0.54343585896474111"
"Biochemical Data","03162023-1-4-BS","BS","No","44999","3.87","4.7","0.82340425531914896","16.7","9.1599999999999997E-3","Salt%","1.89"
"Biochemical Data","03162023-1-4-BS","BS","No","44999","3.87","4.7","0.82340425531914896","16.7","9.1599999999999997E-3","S/M","5.2181115405853122E-2"
"Biochemical Data","03162023-1-4-BS","BS","No","44999","3.87","4.7","0.82340425531914896","16.7","9.1599999999999997E-3","Ca","7.3600000000000002E-3"
"Biochemical Data","03162023-1-4-BS","BS","No","44999","3.87","4.7","0.82340425531914896","16.7","9.1599999999999997E-3","Initial Cheese pH","5.12"
"Biochemical Data","03162023-1-4-BS","BS","No","44999","3.87","4.7","0.82340425531914896","16.7","9.1599999999999997E-3","%NPN/TN","8.2325399921966441E-2"
"Biochemical Data","03162023-1-4-BS","BS","No","44999","3.87","4.7","0.82340425531914896","16.7","9.1599999999999997E-3","%NCN/TN","0.14124073351541164"
"Biochemical Data","03162023-1-4-BS","BS","No","44999","3.87","4.7","0.82340425531914896","16.7","9.1599999999999997E-3","Total FFA%","6.1000000000000004E-3"
"Biochemical Data","03162023-1-4-BS","BS","No","44999","3.87","4.7","0.82340425531914896","16.7","9.1599999999999997E-3","Glutamic Acid","0.66600000000000004"
"Biochemical Data","03162023-1-4-BS","BS","No","44999","3.87","4.7","0.82340425531914896","16.7","9.1599999999999997E-3","Leucine","0.629"
"Biochemical Data","03162023-1-4-BS","BS","No","44999","3.87","4.7","0.82340425531914896","16.7","9.1599999999999997E-3","Lysine","0.22500000000000001"
"Biochemical Data","03162023-1-4-BS","BS","No","44999","3.87","4.7","0.82340425531914896","16.7","9.1599999999999997E-3","Aliphatic/acidc ratio","9.5148514851485135"
"Biochemical Data","03162023-1-4-BS","BS","No","44999","3.87","4.7","0.82340425531914896","16.7","9.1599999999999997E-3","Total FAA (mg/g)","2.8010000000000002"
"Sensory Data","03162023-1-4-BS","BS","No","44999","3.87","4.7","0.82340425531914896","16.7","9.1599999999999997E-3","Hand Firmness","10.29"
"Sensory Data","03162023-1-4-BS","BS","No","44999","3.87","4.7","0.82340425531914896","16.7","9.1599999999999997E-3","Cohesiveness of Mass","12.77"
"Sensory Data","03162023-1-4-BS","BS","No","44999","3.87","4.7","0.82340425531914896","16.7","9.1599999999999997E-3","Adhesiveness","9.67"
"Sensory Data","03162023-1-4-BS","BS","No","44999","3.87","4.7","0.82340425531914896","16.7","9.1599999999999997E-3","Chewiness","5.46"
"Sensory Data","03162023-1-4-BS","BS","No","44999","3.87","4.7","0.82340425531914896","16.7","9.1599999999999997E-3","Particle Size","12.69"
"Sensory Data","03162023-1-4-BS","BS","No","44999","3.87","4.7","0.82340425531914896","16.7","9.1599999999999997E-3","Bitter","0.96"
"Sensory Data","03162023-1-4-BS","BS","No","44999","3.87","4.7","0.82340425531914896","16.7","9.1599999999999997E-3","Acid","2.56"
"Sensory Data","03162023-1-4-BS","BS","No","44999","3.87","4.7","0.82340425531914896","16.7","9.1599999999999997E-3","Salt","6.23"
"Sensory Data","03162023-1-4-BS","BS","No","44999","3.87","4.7","0.82340425531914896","16.7","9.1599999999999997E-3","Sweet","0.14000000000000001"
"Sensory Data","03162023-1-4-BS","BS","No","44999","3.87","4.7","0.82340425531914896","16.7","9.1599999999999997E-3","Savory","1.2"
"Sensory Data","03162023-1-4-BS","BS","No","44999","3.87","4.7","0.82340425531914896","16.7","9.1599999999999997E-3","Butter","0.79"
"Sensory Data","03162023-1-4-BS","BS","No","44999","3.87","4.7","0.82340425531914896","16.7","9.1599999999999997E-3","Brothy","1.5"
"Sensory Data","03162023-1-4-BS","BS","No","44999","3.87","4.7","0.82340425531914896","16.7","9.1599999999999997E-3","Sour","1.68"
"Sensory Data","03162023-1-4-BS","BS","No","44999","3.87","4.7","0.82340425531914896","16.7","9.1599999999999997E-3","Sulfur","0.86"
"Sensory Data","03162023-1-4-BS","BS","No","44999","3.87","4.7","0.82340425531914896","16.7","9.1599999999999997E-3","Rancid","0.27"
"Sensory Data","03162023-1-4-BS","BS","No","44999","3.87","4.7","0.82340425531914896","16.7","9.1599999999999997E-3","Fruity","0.31"
"Sensory Data","03162023-1-4-BS","BS","No","44999","3.87","4.7","0.82340425531914896","16.7","9.1599999999999997E-3","Whey Taint","0.3"
"Sensory Data","03162023-1-4-BS","BS","No","44999","3.87","4.7","0.82340425531914896","16.7","9.1599999999999997E-3","Astringent","1.29"
"Sensory Data","03162023-1-4-BS","BS","No","44999","3.87","4.7","0.82340425531914896","16.7","9.1599999999999997E-3","Others","0"
"Process Data","03162023-1-4-DVI","DVI","Yes","44999","3.87","4.7","0.82340425531914896","16.7","3.2000000000000003E-4","Coagulation pH","6.62"
"Process Data","03162023-1-4-DVI","DVI","Yes","44999","3.87","4.7","0.82340425531914896","16.7","3.2000000000000003E-4","Coagulation time (minutes)","18.599999999999998"
"Process Data","03162023-1-4-DVI","DVI","Yes","44999","3.87","4.7","0.82340425531914896","16.7","3.2000000000000003E-4","Whey removal pH","6.08"
"Process Data","03162023-1-4-DVI","DVI","Yes","44999","3.87","4.7","0.82340425531914896","16.7","3.2000000000000003E-4","Mill pH","5.39"
"Process Data","03162023-1-4-DVI","DVI","Yes","44999","3.87","4.7","0.82340425531914896","16.7","3.2000000000000003E-4","Inoc_PO Time","137"
"Process Data","03162023-1-4-DVI","DVI","Yes","44999","3.87","4.7","0.82340425531914896","16.7","3.2000000000000003E-4","Inoc_Mill Time","220"
"Biochemical Data","03162023-1-4-DVI","DVI","Yes","44999","3.87","4.7","0.82340425531914896","16.7","3.2000000000000003E-4","Moisture%","35.33"
"Biochemical Data","03162023-1-4-DVI","DVI","Yes","44999","3.87","4.7","0.82340425531914896","16.7","3.2000000000000003E-4","Protein%","25.35"
"Biochemical Data","03162023-1-4-DVI","DVI","Yes","44999","3.87","4.7","0.82340425531914896","16.7","3.2000000000000003E-4","Fat%","34.18"
"Biochemical Data","03162023-1-4-DVI","DVI","Yes","44999","3.87","4.7","0.82340425531914896","16.7","3.2000000000000003E-4","FDB","0.52852945724447187"
"Biochemical Data","03162023-1-4-DVI","DVI","Yes","44999","3.87","4.7","0.82340425531914896","16.7","3.2000000000000003E-4","MFFS","0.53676694013977522"
"Biochemical Data","03162023-1-4-DVI","DVI","Yes","44999","3.87","4.7","0.82340425531914896","16.7","3.2000000000000003E-4","Salt%","1.68"
"Biochemical Data","03162023-1-4-DVI","DVI","Yes","44999","3.87","4.7","0.82340425531914896","16.7","3.2000000000000003E-4","S/M","4.755165581658647E-2"
"Biochemical Data","03162023-1-4-DVI","DVI","Yes","44999","3.87","4.7","0.82340425531914896","16.7","3.2000000000000003E-4","Ca","7.0099999999999997E-3"
"Biochemical Data","03162023-1-4-DVI","DVI","Yes","44999","3.87","4.7","0.82340425531914896","16.7","3.2000000000000003E-4","Initial Cheese pH","5.0199999999999996"
"Biochemical Data","03162023-1-4-DVI","DVI","Yes","44999","3.87","4.7","0.82340425531914896","16.7","3.2000000000000003E-4","%NPN/TN","9.2307692307692299E-2"
"Biochemical Data","03162023-1-4-DVI","DVI","Yes","44999","3.87","4.7","0.82340425531914896","16.7","3.2000000000000003E-4","%NCN/TN","0.15502958579881657"
"Biochemical Data","03162023-1-4-DVI","DVI","Yes","44999","3.87","4.7","0.82340425531914896","16.7","3.2000000000000003E-4","Total FFA%","5.7999999999999996E-3"
"Biochemical Data","03162023-1-4-DVI","DVI","Yes","44999","3.87","4.7","0.82340425531914896","16.7","3.2000000000000003E-4","Glutamic Acid","1.08"
"Biochemical Data","03162023-1-4-DVI","DVI","Yes","44999","3.87","4.7","0.82340425531914896","16.7","3.2000000000000003E-4","Leucine","1.04"
"Biochemical Data","03162023-1-4-DVI","DVI","Yes","44999","3.87","4.7","0.82340425531914896","16.7","3.2000000000000003E-4","Lysine","0.33300000000000002"
"Biochemical Data","03162023-1-4-DVI","DVI","Yes","44999","3.87","4.7","0.82340425531914896","16.7","3.2000000000000003E-4","Aliphatic/acidc ratio","5.3828382838283817"
"Biochemical Data","03162023-1-4-DVI","DVI","Yes","44999","3.87","4.7","0.82340425531914896","16.7","3.2000000000000003E-4","Total FAA (mg/g)","4.7689999999999992"
"Sensory Data","03162023-1-4-DVI","DVI","Yes","44999","3.87","4.7","0.82340425531914896","16.7","3.2000000000000003E-4","Hand Firmness","11.96"
"Sensory Data","03162023-1-4-DVI","DVI","Yes","44999","3.87","4.7","0.82340425531914896","16.7","3.2000000000000003E-4","Cohesiveness of Mass","13.01"
"Sensory Data","03162023-1-4-DVI","DVI","Yes","44999","3.87","4.7","0.82340425531914896","16.7","3.2000000000000003E-4","Adhesiveness","9.82"
"Sensory Data","03162023-1-4-DVI","DVI","Yes","44999","3.87","4.7","0.82340425531914896","16.7","3.2000000000000003E-4","Chewiness","5.94"
"Sensory Data","03162023-1-4-DVI","DVI","Yes","44999","3.87","4.7","0.82340425531914896","16.7","3.2000000000000003E-4","Particle Size","12.95"
"Sensory Data","03162023-1-4-DVI","DVI","Yes","44999","3.87","4.7","0.82340425531914896","16.7","3.2000000000000003E-4","Bitter","1.08"
"Sensory Data","03162023-1-4-DVI","DVI","Yes","44999","3.87","4.7","0.82340425531914896","16.7","3.2000000000000003E-4","Acid","2.5499999999999998"
"Sensory Data","03162023-1-4-DVI","DVI","Yes","44999","3.87","4.7","0.82340425531914896","16.7","3.2000000000000003E-4","Salt","6.26"
"Sensory Data","03162023-1-4-DVI","DVI","Yes","44999","3.87","4.7","0.82340425531914896","16.7","3.2000000000000003E-4","Sweet","0.16"
"Sensory Data","03162023-1-4-DVI","DVI","Yes","44999","3.87","4.7","0.82340425531914896","16.7","3.2000000000000003E-4","Savory","1.37"
"Sensory Data","03162023-1-4-DVI","DVI","Yes","44999","3.87","4.7","0.82340425531914896","16.7","3.2000000000000003E-4","Butter","0.62"
"Sensory Data","03162023-1-4-DVI","DVI","Yes","44999","3.87","4.7","0.82340425531914896","16.7","3.2000000000000003E-4","Brothy","1.52"
"Sensory Data","03162023-1-4-DVI","DVI","Yes","44999","3.87","4.7","0.82340425531914896","16.7","3.2000000000000003E-4","Sour","1.49"
"Sensory Data","03162023-1-4-DVI","DVI","Yes","44999","3.87","4.7","0.82340425531914896","16.7","3.2000000000000003E-4","Sulfur","0.66"
"Sensory Data","03162023-1-4-DVI","DVI","Yes","44999","3.87","4.7","0.82340425531914896","16.7","3.2000000000000003E-4","Rancid","0"
"Sensory Data","03162023-1-4-DVI","DVI","Yes","44999","3.87","4.7","0.82340425531914896","16.7","3.2000000000000003E-4","Fruity","0.06"
"Sensory Data","03162023-1-4-DVI","DVI","Yes","44999","3.87","4.7","0.82340425531914896","16.7","3.2000000000000003E-4","Whey Taint","0.4"
"Sensory Data","03162023-1-4-DVI","DVI","Yes","44999","3.87","4.7","0.82340425531914896","16.7","3.2000000000000003E-4","Astringent","1.69"
"Sensory Data","03162023-1-4-DVI","DVI","Yes","44999","3.87","4.7","0.82340425531914896","16.7","3.2000000000000003E-4","Others","0.15"
